mittID,siteName,siteDetail,permit_year,HAV,epifaunalSubstrate,poolSubstrate,poolVar,sedDep,flowStatus,channelAlter,sinuosity,bankStabilityL,bankStabilityR,vegProtectL,vegProtectR,riparianWidthL,riparianWidthR,bankStability,vegProtect,riparianWidth
unknown1-ICGOBrien Birch River,IP 10,pre-existing,0,121,13,16,10,15,15,17,10,1,8,2,8,3,3,9,10,6
2002-01114-1 Sugartree Branch (westridge 2),HAV1,spring,2,101,13,6,5,9,15,16,6,2,5,4,4,7,9,7,8,16
2002-01114-1 Sugartree Branch (westridge 2),HAV3,spring,2,107,6,4,16,8,16,16,7,2,7,4,8,4,9,9,12,13
2003-01379 1st ULT Sugartree Branch,HAV8,spring,2,107,12,7,9,8,17,16,6,2,6,3,6,6,9,8,9,15
2004-00844 Lukey Fork,hav5,spring,5,100,10,11,10,5,16,15,8,2,3,5,6,4,5,5,11,9
2004-00844 Lukey Fork,hav5,fall,5,94,6,11,10,5,16,15,8,2,3,5,6,2,5,5,11,7
2004-00844 Lukey Fork,hav2,fall,4,115,12,9,11,8,15,15,8,2,4,7,6,9,9,6,13,18
2004-00844 Lukey Fork,hav5,fall,4,100,10,10,10,6,15,15,8,2,4,5,6,4,5,6,11,9
2006-00324 Left Fork of White Oak Creek,PTF 7,,4,95,7,5,9,5,16,5,18,2,6,4,9,0,9,8,13,9
2007-421-KAN Spicelick Fork,SL-1,,3,118,16,13,12,13,13,12,14,2,5,2,6,8,2,7,8,10
unknown1-ICGOBrien Birch River,IP 8,pre-existing,0,112,13,12,11,7,19,10,13,2,8,5,4,6,2,10,9,8
2002-01114-1 Sugartree Branch (westridge 2),HAV2,spring,2,68,3,6,4,2,3,11,6,3,7,4,8,2,9,10,12,11
2003-01379 1st ULT Sugartree Branch,HAV8,fall,3,107,13,8,10,7,11,15,8,3,6,6,7,5,8,9,13,13
2003-01379 1st ULT Sugartree Branch,HAV8,spring,4,113,14,8,10,8,15,15,8,3,6,6,7,5,8,9,13,13
2004-00844 Lukey Fork,hav2,spring,5,115,12,10,11,8,14,15,8,3,3,7,6,9,9,6,13,18
2004-00844 Lukey Fork,hav2,fall,5,118,11,9,11,10,16,15,8,3,3,7,7,9,9,6,14,18
2005-00162 Carrow Fork,CF 1,,3,121,13,10,12,11,13,16,14,3,5,4,6,4,10,8,10,14
unknown1-ICGOBrien Birch River,IP 4,pre-existing,0,130,16,19,10,15,15,16,10,3,6,5,8,2,7,9,13,9
unknown8-KeystoneRush UT Rush Creek,M2,,2,125,14,15,15,13,15,10,14,3,5,4,6,8,3,8,10,11
1997-00093 Clear water ditch 2,,,2,80,9,9,3,7,15,9,2,4,8,4,8,1,1,12,12,2
2001-01307 Stream C,C-3,as-built,0,92,4,11,6,11,0,11,15,4,4,5,5,7,9,8,10,16
2001-01307 Stream C,C-7,as-built,0,72,2,9,6,10,0,8,6,4,4,5,5,7,6,8,10,13
2002-00264 Horsepen Creek,,,5,117,11,15,12,14,11,9,11,4,7,5,6,3,9,11,11,12
2002-01114-1 Sugartree Branch (westridge 2),HAV1,spring,3,110,13,6,5,10,16,16,6,4,7,5,6,7,9,11,11,16
2002-01114-1 Sugartree Branch (westridge 2),HAV1,spring,4,110,13,6,5,10,16,16,6,4,7,5,6,7,9,11,11,16
2003-01379 1st ULT Sugartree Branch,HAV2,spring,2,130,14,10,12,14,11,16,10,4,7,6,9,10,7,11,15,17
2003-01379 1st ULT Sugartree Branch,HAV9,spring,2,106,13,10,11,6,8,13,7,4,4,7,5,9,9,8,12,18
2003-01379 1st ULT Sugartree Branch,HAV8,spring,3,115,13,8,11,8,15,16,8,4,5,7,7,5,8,9,14,13
2004-00215 Lick Fork,,,5,100,11,10,12,11,11,12,12,4,5,3,4,3,2,9,7,5
2004-00864 Upper Grapevine Creek,,,5,92,9,11,10,9,9,10,12,4,5,4,4,3,2,9,8,5
2005-01101 Reach C,,,1,66,8,6,3,5,6,7,19,4,4,1,1,1,1,8,2,2
unknown8-KeystoneRush UT Rush Creek,M2,,3,106,12,8,12,9,12,10,13,4,5,6,4,3,8,9,10,11
1997-00093 Clear Water ditch 1,,,2,86,9,9,2,10,14,9,3,5,9,5,9,1,1,14,14,2
1999-759-2 and -3 conveyance ditch 1 site B 15-004 UT of Beech Branch,,,5,118,12,13,14,11,12,10,11,5,5,6,5,7,7,10,11,14
1999-759-2 and -3 conveyance ditch 2 site B 16-003 Beech Branch,,,5,113,13,12,14,11,10,11,9,5,5,4,5,7,7,10,9,14
2001-01307 Stream B,B-4,as-built,0,87,3,9,6,11,0,8,15,5,4,6,4,7,9,9,10,16
2001-01307 Stream B,B-4,,1,88,2,9,6,10,0,6,14,5,5,6,6,9,10,10,12,19
2001-01307 Stream C,C-4,as-built,0,91,3,10,6,11,0,12,15,5,5,4,4,9,7,10,8,16
2001-01307 Stream C,C-6,as-built,0,89,4,10,6,11,1,10,10,5,4,6,6,7,9,9,12,16
2001-01307 Stream C,C-3,,1,91,3,11,6,10,0,11,14,5,5,5,5,7,9,10,10,16
2001-01307 Stream C,C-4,,1,88,2,9,6,10,0,10,15,5,5,5,5,9,7,10,10,16
2001-01307 Stream C,C-7,,1,81,1,7,6,9,0,8,6,5,5,8,8,9,9,10,16,18
2001-01307 Stream C,C-4,,2,95,4,9,5,10,2,10,15,5,5,7,7,9,7,10,14,16
2001-01307 Stream D,D-1,as-built,0,82,3,6,5,11,5,7,5,5,5,6,6,9,9,10,12,18
2002-00264 Coal Hollow,,,1,105,11,11,9,16,9,8,11,5,5,5,5,5,5,10,10,10
2002-00264 Horsepen Creek,,,6,147,14,16,15,18,16,12,16,5,8,5,9,4,9,13,14,13
2002-01114-1 Sugartree Branch (westridge 2),HAV1,fall,5,114,14,10,4,10,16,14,5,5,7,6,7,7,9,12,13,16
2003-01379 1st ULT Sugartree Branch,HAV8,spring,1,142,14,14,14,14,15,15,13,5,8,8,8,7,7,13,16,14
2003-01379 1st ULT Sugartree Branch,HAV2,spring,3,121,12,10,12,12,13,16,8,5,7,4,6,9,7,12,10,16
2003-01379 1st ULT Sugartree Branch,HAV2,fall,3,123,14,10,12,11,13,16,8,5,8,4,6,9,7,13,10,16
2003-01379 1st ULT Sugartree Branch,HAV10,spring,4,94,9,7,8,6,15,15,5,5,1,5,3,7,8,6,8,15
2003-01379 1st ULT Sugartree Branch,HAV1,fall,4,110,13,9,9,9,16,14,8,5,5,5,5,6,6,10,10,12
2003-01379 Sugartree Branch (westridge 3),HAV7,spring,2,141,16,17,10,14,8,19,17,5,5,6,7,7,10,10,13,17
2003-01379 Sugartree Branch (westridge 3),HAV7,spring,3,114,14,13,0,12,0,17,17,5,5,7,7,8,9,10,14,17
2003-01379 Sugartree Branch (westridge 3),HAV7,fall,3,114,14,13,0,12,0,17,17,5,5,7,7,8,9,10,14,17
2003-01379 Sugartree Branch (westridge 3),HAV7,spring,4,126,14,13,6,12,6,17,17,5,5,7,7,8,9,10,14,17
2004-00215 Grapevine Creek lower portion,,,5,109,13,10,13,13,12,10,12,5,5,5,4,3,4,10,9,7
2004-00604 Left Fork Cow Creek,site 2,,3,139,15,19,9,14,7,18,15,5,10,8,9,1,9,15,17,10
2004-00658 Bull Creek,site 2,,6,146,14,15,15,13,15,14,16,5,7,8,8,7,9,12,16,16
2004-00844 Lukey Fork,hav3,fall,5,120,12,11,11,9,16,15,7,5,1,8,8,8,9,6,16,17
2004-00844 Lukey Fork,hav6,fall,5,129,13,11,16,11,16,15,8,5,3,8,8,9,6,8,16,15
2005-00745 Sugarcamp Branch restored reach A,,,2,126,11,16,11,16,15,15,16,5,5,6,6,2,2,10,12,4
2005-00745 Sugarcamp Branch restored reach A,,,3,126,11,15,11,15,15,15,16,5,5,6,6,4,4,10,12,8
2005-01101 Reach A,,,1,61,6,4,2,4,6,7,18,5,5,1,1,1,1,10,2,2
2005-01101 Reach B,,,1,62,6,7,2,4,6,7,16,5,5,1,1,1,1,10,2,2
2005-01101 Reach C,,,3,103,12,13,10,13,10,3,16,5,5,4,4,4,4,10,8,8
2005-V2168 Left Fork,,,3,149,13,13,15,13,18,18,16,5,8,8,8,7,7,13,16,14
2006-00324 Left Fork of White Oak Creek,PTF 7,,2,112,14,13,8,10,13,11,18,5,6,3,2,1,8,11,5,9
2006-00324 Left Fork of White Oak Creek,PTF 7,,3,121,14,13,8,11,16,11,18,5,6,3,7,1,8,11,10,9
2006-00324 UT Left Fork of White Oak Creek (PTF-1),PTF 1,,2,128,6,13,9,10,17,15,17,5,6,7,7,8,8,11,14,16
2006-1320 Whetstone,,,2,129,11,13,11,13,15,16,16,5,5,7,7,5,5,10,14,10
2006-1320 Whetstone,,,3,133,11,11,11,13,15,16,15,5,5,7,7,8,9,10,14,17
unknown4-Frasure West Fork of Pond Fork,site 1,,1,130,14,15,16,14,17,14,10,5,6,2,5,5,7,11,7,12
unknown8-KeystoneRush UT Rush Creek,M1,,2,123,9,15,13,10,11,15,16,5,5,6,6,8,4,10,12,12
unknown8-KeystoneRush UT Rush Creek,M1,,4,120,15,13,11,10,7,15,18,5,2,6,4,5,9,7,10,14
unknown8-KeystoneRush UT Rush Creek,M1,,6,132,17,16,15,12,10,13,16,5,5,5,5,5,8,10,10,13
unknown8-KeystoneRush UT Rush Creek,M2,,1,124,13,15,13,16,13,12,6,5,5,4,4,6,9,10,8,15
1997-00093 Clear Water ditch 1,,,5,74,6,14,8,8,7,6,5,6,6,3,3,1,1,12,6,2
1997-00093 Clear Water ditch 1,,,6,68,5,11,5,10,5,6,5,6,7,3,3,1,1,13,6,2
1997-00093 Clear water ditch 2,,,5,73,6,7,9,11,8,6,5,6,5,5,3,1,1,11,8,2
1999-759-2 and -3 conveyance ditch 1 site B 15-004 UT of Beech Branch,,,4,141,14,11,8,18,17,13,16,6,7,9,8,7,7,13,17,14
2001-01307 Stream A,A-1,as-built,0,69,4,10,6,9,0,10,6,6,3,5,4,2,4,9,9,6
2001-01307 Stream A,A-2,as-built,0,66,1,5,6,5,0,8,5,6,5,5,5,9,6,11,10,15
2001-01307 Stream A,A-3,as-built,0,66,5,8,6,6,1,6,6,6,4,5,4,6,3,10,9,9
2001-01307 Stream A,A-1,,1,64,3,8,6,7,0,6,6,6,6,5,5,2,4,12,10,6
2001-01307 Stream A,A-2,,1,65,1,5,6,5,0,6,5,6,6,5,5,9,6,12,10,15
2001-01307 Stream A,A-3,,1,71,5,7,6,7,1,6,6,6,6,6,6,6,3,12,12,9
2001-01307 Stream A,A-3,,2,81,6,8,6,9,4,6,6,6,6,6,6,8,4,12,12,12
2001-01307 Stream B,B-1,as-built,0,101,5,8,6,7,15,11,15,6,5,6,5,6,6,11,11,12
2001-01307 Stream B,B-2,as-built,0,112,6,11,6,10,13,11,16,6,6,7,6,7,7,12,13,14
2001-01307 Stream B,B-1,,1,86,5,9,5,7,3,11,12,6,6,6,4,6,6,12,10,12
2001-01307 Stream B,B-2,,1,102,7,11,6,10,3,10,15,6,6,7,7,7,7,12,14,14
2001-01307 Stream B,B-1,,2,90,6,9,5,7,3,11,12,6,6,7,6,6,6,12,13,12
2001-01307 Stream C,C-1,as-built,0,85,2,8,6,10,1,10,8,6,6,6,6,7,9,12,12,16
2001-01307 Stream C,C-9,as-built,0,81,2,8,6,10,0,8,8,6,7,5,7,9,5,13,12,14
2001-01307 Stream C,C-1,,1,82,3,7,6,10,1,8,7,6,6,6,6,7,9,12,12,16
2001-01307 Stream C,C-8,,1,86,2,10,6,11,0,8,9,6,6,6,6,7,9,12,12,16
2001-01307 Stream C,C-8,,2,84,2,10,0,13,0,8,9,6,6,7,7,7,9,12,14,16
2001-01307 Stream D,D-1,,1,96,5,11,5,11,5,9,5,6,6,8,7,9,9,12,15,18
2001-01307 Stream E,E-1,as-built,0,86,3,6,5,11,4,10,5,6,5,7,6,9,9,11,13,18
2002-00264 Coal Hollow,,,2,120,12,14,11,13,14,10,13,6,6,5,5,8,5,12,10,13
2002-00264 Gilbert Creek,site 1,,3,135,15,16,12,15,9,13,16,6,8,8,8,2,7,14,16,9
2002-01114-1 Sugartree Branch (westridge 2),HAV4,spring,2,82,6,6,2,2,10,11,7,6,6,7,6,7,6,12,13,13
2002-01114-1 Sugartree Branch (westridge 2),HAV1,fall,3,117,13,8,6,10,17,16,6,6,7,6,6,7,9,13,12,16
2002-01114-1 Sugartree Branch (westridge 2),HAV1,fall,4,117,13,8,6,10,17,16,6,6,7,6,6,7,9,13,12,16
2002-01114-1 Sugartree Branch (westridge 2),HAV1,spring,5,118,13,11,5,10,17,14,5,6,7,7,8,7,8,13,15,15
2003-01379 1st ULT Sugartree Branch,HAV8,fall,1,142,14,14,14,14,14,15,13,6,8,8,8,7,7,14,16,14
2003-01379 1st ULT Sugartree Branch,HAV9,fall,1,122,10,16,5,15,13,12,5,6,8,8,8,8,8,14,16,16
2003-01379 1st ULT Sugartree Branch,HAV9,spring,1,122,10,17,5,14,14,11,5,6,8,8,8,8,8,14,16,16
2003-01379 1st ULT Sugartree Branch,HAV1,spring,2,100,9,6,6,3,14,15,6,6,8,7,6,9,5,14,13,14
2003-01379 1st ULT Sugartree Branch,HAV1,spring,3,92,8,6,5,5,14,16,6,6,2,5,5,8,6,8,10,14
2003-01379 1st ULT Sugartree Branch,HAV9,spring,3,110,12,8,6,6,10,15,6,6,9,6,6,10,10,15,12,20
2003-01379 1st ULT Sugartree Branch,HAV1,fall,3,85,10,8,5,5,10,11,6,6,2,3,5,8,6,8,8,14
2003-01379 1st ULT Sugartree Branch,HAV9,fall,3,102,12,6,3,5,9,15,6,6,9,6,5,10,10,15,11,20
2003-01379 1st ULT Sugartree Branch,HAV10,fall,3,90,9,7,8,6,10,15,5,6,1,5,3,7,8,7,8,15
2003-01379 1st ULT Sugartree Branch,HAV1,spring,4,102,13,8,5,10,16,11,6,6,3,5,5,8,6,9,10,14
2003-01379 1st ULT Sugartree Branch,HAV2,spring,4,125,14,10,12,10,15,16,8,6,8,5,5,9,7,14,10,16
2003-01379 1st ULT Sugartree Branch,HAV8,fall,4,132,15,10,10,14,17,15,7,6,7,7,6,9,9,13,13,18
2003-01379 5th ULT Sugartree Branch,HAV4,spring,3,103,8,8,1,6,1,16,17,6,6,8,8,9,9,12,16,18
2003-01379 5th ULT Sugartree Branch,HAV5,spring,3,90,8,9,0,7,0,16,9,6,5,7,6,9,8,11,13,17
2003-01379 5th ULT Sugartree Branch,HAV4,fall,3,106,8,10,4,8,1,16,17,6,6,6,6,9,9,12,12,18
2003-01379 5th ULT Sugartree Branch,HAV5,fall,3,90,9,8,0,7,0,16,11,6,5,6,5,9,8,11,11,17
2003-01379 5th ULT Sugartree Branch,HAV4,spring,4,100,7,8,1,8,1,16,17,6,6,6,6,9,9,12,12,18
2003-01379 5th ULT Sugartree Branch,HAV5,spring,4,86,7,6,0,7,0,16,11,6,5,6,5,9,8,11,11,17
2004-00215 Grapevine Creek lower portion,,,4,116,11,13,12,16,8,10,12,6,5,7,6,5,5,11,13,10
2004-00215 Grapevine Creek lower portion,,,1,116,11,14,13,14,18,9,14,6,5,5,5,1,1,11,10,2
2004-00464 NWP21 and 2005-00031 IP Rye Cove enhancement reach,2,,4,127,11,15,10,13,8,13,15,6,6,6,6,9,9,12,12,18
2004-00464 NWP21 and 2005-00031 IP Rye Cove restoration reach,2,,4,129,11,15,10,13,10,13,15,6,6,6,6,9,9,12,12,18
2004-00464 NWP21 and 2005-00031 IP Rye Cove restoration reach,3,,4,121,11,13,10,13,8,13,11,6,6,6,6,9,9,12,12,18
2004-00464 NWP21 and 2005-00031 IP Rye Cove restoration reach,4,,4,116,9,13,10,10,8,13,11,6,6,6,6,9,9,12,12,18
2004-00604 Left Fork Cow Creek,site 2,,4,146,16,15,15,14,15,14,16,6,8,5,8,4,9,14,13,13
2004-00658 Bull Creek,site 1,,6,112,10,9,8,10,10,12,12,6,7,7,7,7,7,13,14,14
2004-00658 Bull Creek,site 3,,6,119,14,11,12,11,10,12,12,6,6,7,7,4,7,12,14,11
2004-00844 Lukey Fork,hav3,spring,5,120,12,11,11,9,15,15,7,6,3,7,8,7,9,9,15,16
2004-00844 Lukey Fork,hav4,spring,5,115,12,10,16,6,16,15,6,6,2,6,7,4,9,8,13,13
2004-00844 Lukey Fork,hav6,spring,5,129,14,11,16,11,16,14,8,6,6,8,7,9,3,12,15,12
2004-00844 Lukey Fork,hav4,fall,5,122,12,11,16,10,16,15,6,6,2,6,8,5,9,8,14,14
2004-00844 Lukey Fork,hav1,fall,4,115,8,5,8,6,19,14,7,6,8,8,9,8,9,14,17,17
2004-00844 Lukey Fork,hav3,fall,4,113,10,9,11,8,14,15,7,6,3,7,7,7,9,9,14,16
2004-00844 Lukey Fork,hav4,fall,4,116,12,10,16,5,16,15,6,6,2,6,8,5,9,8,14,14
2004-00864 Upper Grapevine Creek,,,4,98,10,8,8,13,12,9,10,6,3,6,5,4,4,9,11,8
2005-00162 Carrow Fork,,,2,145,16,16,15,14,15,12,18,6,8,6,8,2,9,14,14,11
2005-00162 Carrow Fork,CF 1,,1,138,15,15,10,14,14,15,16,6,7,6,7,5,8,13,13,13
2005-00745 Left Fork Holly Thicket - enhanced ephemeral,,,1,138,13,14,10,11,15,16,15,6,6,7,7,9,9,12,14,18
2005-01005 Pond Fork2,PF 10-2,,2,128,12,11,13,11,12,13,11,6,9,6,8,10,6,15,14,16
2006-0015 Spruce Fork,,,1,87,8,12,2,10,1,14,16,6,5,3,3,2,5,11,6,7
2006-0015 Spruce Fork,,,2,92,8,11,6,10,2,14,16,6,4,4,5,2,6,10,9,8
2006-00324 Left Fork of White Oak Creek,AP-5,,2,120,12,10,11,12,13,11,10,6,5,6,7,8,9,11,13,17
2006-00324 Left Fork of White Oak Creek,AP-4,,3,139,15,11,10,13,17,14,16,6,7,7,8,6,9,13,15,15
2006-00324 Left Fork of White Oak Creek,AP-5,,3,136,16,10,11,15,19,11,16,6,6,6,7,5,8,12,13,13
2006-00324 Left Fork of White Oak Creek,AP-5,,4,142,17,15,13,15,17,11,16,6,6,6,7,5,8,12,13,13
2006-00324 Left Fork of White Oak Creek,PTF 4,,2,149,18,16,13,15,18,15,16,6,5,5,5,9,8,11,10,17
2006-00324 Left Fork of White Oak Creek,PTF 5,,2,134,12,9,13,12,19,15,18,6,6,5,5,9,5,12,10,14
2006-00324 Left Fork of White Oak Creek,PTF 4,,3,155,18,16,13,15,18,15,18,6,6,7,7,9,7,12,14,16
2006-00324 Left Fork of White Oak Creek,PTF 5,,3,145,14,13,13,13,19,15,18,6,6,7,7,9,5,12,14,14
2006-00324 Left Fork of White Oak Creek,PTF 2,,4,154,16,14,11,14,17,15,19,6,8,8,9,8,9,14,17,17
2006-00324 Left Fork of White Oak Creek,PTF 6,,4,154,17,14,11,15,18,15,19,6,6,9,9,8,7,12,18,15
2006-00324 UT Left Fork of White Oak Creek (PTF-1),PTF 1,,3,132,10,12,9,10,17,15,17,6,6,7,7,8,8,12,14,16
2007-421-KAN Spicelick Fork,SL-1,,4,123,15,15,7,8,5,16,7,6,8,9,9,9,9,14,18,18
2007-421-KAN Spicelick Fork,SL-2,,4,110,16,16,2,8,2,16,2,6,6,8,8,10,10,12,16,20
2007-421-KAN Spicelick Fork,SL-2,,3,123,11,14,13,14,12,12,14,6,6,4,6,2,9,12,10,11
unknown1-ICGOBrien Birch River,IP 7,pre-existing,0,105,11,16,10,6,9,16,11,6,3,4,4,3,6,9,8,9
unknown1-ICGOBrien Birch River,IP 7,,3,133,16,16,11,15,16,16,10,6,8,5,5,3,6,14,10,9
unknown4-Frasure West Fork of Pond Fork,site 2,,1,116,16,15,10,10,16,13,16,6,7,7,5,3,7,13,12,10
unknown8-KeystoneRush UT Rush Creek,M1,,3,132,11,16,15,10,8,15,20,6,6,6,6,9,4,12,12,13
unknown8-KeystoneRush UT Rush Creek,M1,,5,128,16,14,15,12,10,13,15,6,5,5,5,5,7,11,10,12
1997-00093 Clear Water ditch 1,,,4,71,8,9,2,10,2,7,3,7,7,5,9,1,1,14,14,2
1997-00093 Clear water ditch 2,,,4,62,8,8,2,9,2,6,2,7,4,4,8,1,1,11,12,2
1997-00093 Clear water ditch 2,,,6,62,5,7,5,11,1,5,5,7,6,5,3,1,1,13,8,2
2001-01307 Stream A,A-2,,2,79,5,6,6,7,3,6,5,7,7,6,6,9,6,14,12,15
2001-01307 Stream B,B-3,as-built,0,85,2,8,6,9,0,10,6,7,7,7,7,9,7,14,14,16
2001-01307 Stream B,B-3,,1,84,3,9,6,8,0,9,5,7,6,7,7,9,8,13,14,17
2001-01307 Stream B,B-4,,2,105,6,11,6,11,4,6,14,7,7,7,7,9,10,14,14,19
2001-01307 Stream C,C-5,,1,110,9,14,6,15,0,10,16,7,7,6,6,8,6,14,12,14
2001-01307 Stream C,C-9,,1,115,10,15,6,15,1,10,16,7,7,6,7,8,7,14,13,15
2001-01307 Stream C,C-1,,2,94,6,10,6,10,3,8,7,7,7,7,7,7,9,14,14,16
2001-01307 Stream C,C-3,,2,103,5,11,5,10,2,11,14,7,8,7,7,7,9,15,14,16
2001-01307 Stream C,C-5,,2,112,9,14,6,15,0,10,16,7,7,7,7,8,6,14,14,14
2001-01307 Stream C,C-6,,2,94,5,11,5,9,2,8,6,7,7,8,8,9,9,14,16,18
2001-01307 Stream C,C-7,,2,91,2,9,6,11,1,8,6,7,7,8,8,9,9,14,16,18
2001-01307 Stream D,D-1,,2,98,5,11,5,11,5,9,5,7,7,8,7,9,9,14,15,18
2001-01307 Stream E,E-1,,1,102,5,10,5,11,7,11,5,7,7,8,8,9,9,14,16,18
2001-01307 Stream E,E-1,,2,103,5,10,5,12,7,11,5,7,7,8,8,9,9,14,16,18
2001-01473 Horse Fork,mine area,,2,83,8,13,2,13,0,1,16,7,7,5,5,3,3,14,10,6
2001-01473 Horse Fork Silt Structure 11,ss11,,2,94,13,10,13,6,8,1,16,7,8,3,3,3,3,15,6,6
2002-00047-1 Beech Fork Bens Creek,,,5,127,14,14,9,15,7,15,16,7,6,9,8,4,3,13,17,7
2002-00264 Adams Fork,,,5,147,15,15,16,15,17,14,14,7,7,7,7,7,6,14,14,13
2002-00264 Coal Hollow,,,3,118,11,10,9,16,10,13,10,7,7,6,6,5,8,14,12,13
2002-01114-1 Sugartree Branch (westridge 2),HAV1,spring,1,139,14,10,5,11,19,19,8,7,10,10,9,10,7,17,19,17
2002-01114-1 Sugartree Branch (westridge 2),HAV2,spring,3,106,12,6,7,10,18,12,6,7,8,3,6,2,9,15,9,11
2002-01114-1 Sugartree Branch (westridge 2),HAV3,spring,3,112,10,6,10,9,16,15,7,7,8,6,6,3,9,15,12,12
2002-01114-1 Sugartree Branch (westridge 2),HAV4,spring,3,105,11,6,6,8,16,11,7,7,8,6,6,7,6,15,12,13
2002-01114-1 Sugartree Branch (westridge 2),HAV2,spring,4,106,12,6,7,10,18,12,6,7,8,3,6,2,9,15,9,11
2002-01114-1 Sugartree Branch (westridge 2),HAV3,spring,4,112,10,6,10,9,16,15,7,7,8,6,6,3,9,15,12,12
2002-01114-1 Sugartree Branch (westridge 2),HAV4,spring,4,105,11,6,6,8,16,11,7,7,8,6,6,7,6,15,12,13
2002-01114-1 Sugartree Branch (westridge 2),HAV6,spring,4,129,15,10,11,14,16,15,7,7,8,8,7,9,2,15,15,11
2002-01114-1 Sugartree Branch (westridge 2),HAV6,fall,4,129,15,10,11,14,16,15,7,7,8,8,7,9,2,15,15,11
2002-01114-1 Sugartree Branch (westridge 2),HAV6,spring,5,133,16,10,11,15,17,15,7,7,8,8,8,9,2,15,16,11
2002-01114-1 Sugartree Branch (westridge 2),HAV6,fall,5,129,16,9,9,15,16,15,7,7,8,8,8,9,2,15,16,11
2003-00065 Hewitt Creek,HAV1,spring,1,144,16,10,13,15,18,17,8,7,7,8,8,10,7,14,16,17
2003-00065 Hewitt Creek,HAV2,spring,1,146,17,10,13,15,17,18,7,7,8,8,8,10,8,15,16,18
2003-00065 Hewitt Creek,HAV3,spring,1,143,18,10,14,16,17,18,6,7,8,7,7,10,5,15,14,15
2003-00065 Hewitt Creek,HAV1,fall,1,143,16,10,12,15,16,18,8,7,7,8,8,10,8,14,16,18
2003-00065 Hewitt Creek,HAV2,fall,1,147,18,10,13,16,16,18,7,7,8,8,8,10,8,15,16,18
2003-00065 Hewitt Creek,HAV6,fall,3,139,16,10,18,15,15,16,5,7,9,8,9,9,2,16,17,11
2003-00065 Hewitt Creek,HAV2,spring,4,139,16,10,16,10,17,16,10,7,6,9,8,9,5,13,17,14
2003-00065 Hewitt Creek,HAV3,spring,4,143,18,10,16,12,17,16,10,7,8,8,7,9,5,15,15,14
2003-00065 Hewitt Creek,HAV6,spring,4,145,17,11,18,16,18,16,6,7,9,8,8,9,2,16,16,11
2003-00065 Hewitt Creek,HAV2,spring,5,149,16,11,16,14,19,15,10,7,8,9,9,9,6,15,18,15
2003-01379 1st ULT Sugartree Branch,HAV3,spring,2,116,10,11,8,7,17,16,6,7,6,7,7,9,5,13,14,14
2003-01379 1st ULT Sugartree Branch,HAV6,spring,2,116,11,6,9,9,18,16,6,7,7,7,6,9,5,14,13,14
2003-01379 1st ULT Sugartree Branch,HAV10,spring,2,96,10,6,7,5,14,16,5,7,2,5,2,9,8,9,7,17
2003-01379 1st ULT Sugartree Branch,HAV3,spring,3,115,11,13,6,9,14,16,6,7,5,6,7,9,6,12,13,15
2003-01379 1st ULT Sugartree Branch,HAV6,spring,3,106,11,6,8,9,14,15,6,7,6,6,4,9,5,13,10,14
2003-01379 1st ULT Sugartree Branch,HAV10,spring,3,97,8,7,8,6,13,17,5,7,1,5,3,9,8,8,8,17
2003-01379 1st ULT Sugartree Branch,HAV6,fall,3,109,11,8,11,10,12,15,6,7,6,6,4,9,4,13,10,13
2003-01379 1st ULT Sugartree Branch,HAV6,spring,4,114,13,8,11,10,15,15,6,7,6,6,4,9,4,13,10,13
2003-01379 1st ULT Sugartree Branch,HAV9,spring,4,110,12,6,3,5,15,15,6,7,9,7,5,10,10,16,12,20
2003-01379 1st ULT Sugartree Branch,HAV3,fall,4,133,16,10,10,14,17,15,8,7,7,8,7,9,5,14,15,14
2003-01379 1st ULT Sugartree Branch,HAV6,fall,4,140,16,11,16,13,18,15,6,7,8,8,7,9,6,15,15,15
2003-01379 1st ULT Sugartree Branch,HAV10,fall,4,132,15,10,11,14,18,15,6,7,2,8,8,9,9,9,16,18
2003-01379 1st ULT Sugartree Branch,HAV1,spring,5,107,12,8,9,8,14,14,8,7,5,5,5,6,6,12,10,12
2003-01379 1st ULT Sugartree Branch,HAV3,spring,5,142,16,10,15,17,17,15,8,7,8,8,7,9,5,15,15,14
2003-01379 1st ULT Sugartree Branch,HAV8,spring,5,140,16,10,16,15,17,15,7,7,8,6,8,6,9,15,14,15
2003-01379 1st ULT Sugartree Branch,HAV10,spring,5,120,13,10,6,13,16,14,5,7,2,8,8,9,9,9,16,18
2003-01379 1st ULT Sugartree Branch,HAV1,fall,5,121,15,8,10,13,14,14,8,7,6,7,6,7,6,13,13,13
2003-01379 1st ULT Sugartree Branch,HAV10,fall,5,120,13,10,6,12,17,14,5,7,2,8,8,9,9,9,16,18
2003-01379 Sugartree Branch (westridge 3),HAV7,fall,4,132,13,12,6,11,6,16,18,7,7,9,9,9,9,14,18,18
2003-01379 Sugartree Branch (westridge 3),HAV7,spring,5,132,13,12,6,11,6,16,18,7,7,9,9,9,9,14,18,18
2003-01379 Sugartree Branch (westridge 3),HAV7,fall,5,120,13,12,0,11,0,16,18,7,7,9,9,9,9,14,18,18
2004-00215 Grapevine Creek lower portion,,,2,149,15,16,15,17,17,14,18,7,6,8,6,5,5,13,14,10
2004-00311 Loggy Branch main channel,site 1,,4,139,15,14,15,16,14,15,13,7,5,8,6,8,3,12,14,11
2004-00332 Right Fork of Daniels Creek,,construction report,0,96,10,11,8,10,12,8,7,7,7,6,6,3,1,14,12,4
2004-00844 Lukey Fork,hav1,spring,5,112,7,5,6,6,18,14,8,7,8,8,9,7,9,15,17,16
2004-00844 Lukey Fork,hav1,fall,5,115,8,5,9,8,16,14,8,7,8,8,9,6,9,15,17,15
2004-00844 Lukey Fork,hav1,spring,3,111,10,6,7,7,14,16,8,7,8,8,8,6,6,15,16,12
2004-00844 Lukey Fork,hav2,spring,3,135,13,12,16,7,15,16,9,7,6,7,8,9,10,13,15,19
2004-00844 Lukey Fork,hav2,fall,3,131,13,12,15,6,16,16,9,7,5,7,6,9,10,12,13,19
2004-00844 Lukey Fork,hav6,fall,3,124,11,7,16,6,17,16,7,7,6,8,6,10,7,13,14,17
2004-00864 Upper Grapevine Creek,,,2,148,16,12,15,16,16,14,17,7,7,9,7,9,5,14,16,14
2005-00162 Carrow Fork,CF 2,,4,133,16,16,15,10,13,11,15,7,7,7,7,7,2,14,14,9
2005-00162 Carrow Fork,CF 2,,3,125,11,10,14,9,16,13,14,7,7,5,8,2,9,14,13,11
2005-00162 Carrow Fork,CF 2,,1,139,14,14,10,15,13,13,17,7,7,8,8,4,9,14,16,13
2005-00745 Left Fork Holly Thicket - restored perennial,,,3,135,11,15,10,11,13,16,11,7,7,8,8,9,9,14,16,18
2005-00745 Left Fork Holly Thicket - restored perennial,,,1,136,11,13,10,11,16,16,11,7,7,8,8,9,9,14,16,18
2005-00745 Left Fork Holly Thicket - restored perennial,,,2,138,11,15,10,11,16,16,11,7,7,8,8,9,9,14,16,18
2005-00745 Middle Fork Holly Thicket - enhanced intermittent,,,3,144,15,13,10,15,13,16,14,7,7,8,8,9,9,14,16,18
2005-00745 Middle Fork Holly Thicket - enhanced intermittent,,,1,148,15,14,10,15,16,16,14,7,7,8,8,9,9,14,16,18
2005-00745 Middle Fork Holly Thicket - enhanced intermittent,,,2,147,15,13,10,15,16,16,14,7,7,8,8,9,9,14,16,18
2005-00745 Sugarcamp Branch enhancement reach,,,5,155,16,16,13,15,15,16,16,7,7,8,8,9,9,14,16,18
2005-00745 Sugarcamp Branch enhancement reach,,,2,149,16,15,13,13,15,16,16,7,8,6,6,9,9,15,12,18
2005-00745 Sugarcamp Branch enhancement reach,,,3,149,16,15,13,13,15,16,16,7,8,6,6,9,9,15,12,18
2005-00745 Sugarcamp Branch restored reach A,,,5,149,13,16,11,15,15,15,16,7,7,8,8,9,9,14,16,18
2005-01005 Pond Fork,PF 2,,1,161,17,16,15,16,18,15,16,7,9,8,9,8,7,16,17,15
2005-01005 Pond Fork2,PF 10-1,,1,158,17,16,17,14,17,17,17,7,9,8,8,9,2,16,16,11
2005-01005 Pond Fork2,,,1,138,14,16,15,13,16,12,17,7,7,7,6,5,3,14,13,8
2005-01101 Reach B,,,3,99,11,11,7,11,10,3,16,7,7,4,4,4,4,14,8,8
2006-00324 Left Fork of White Oak Creek,AP-4,,2,123,13,11,13,10,14,13,8,7,5,7,7,6,9,12,14,15
2006-00324 Left Fork of White Oak Creek,AP-4,,4,140,15,11,10,13,15,14,16,7,8,7,8,6,10,15,15,16
2006-00324 Left Fork of White Oak Creek,PTF 6,,2,138,11,10,15,11,18,19,18,7,4,6,5,9,5,11,11,14
2006-00324 Left Fork of White Oak Creek,PTF 6,,3,143,13,11,15,11,18,18,18,7,4,7,7,9,5,11,14,14
2006-00324 Left Fork of White Oak Creek,PTF 3,,4,152,16,13,11,13,17,15,17,7,8,9,9,8,9,15,18,17
2006-00324 Left Fork of White Oak Creek,PTF 4,,4,158,17,15,11,15,18,15,19,7,8,8,8,9,8,15,16,17
2006-00324 Left Fork of White Oak Creek,PTF 5,,4,143,16,12,11,11,17,15,17,7,7,8,8,9,5,14,16,14
2006-00693 Millers Camp Branch,MP1,,3,129,14,10,14,14,15,14,15,7,7,8,7,7,7,14,15,14
2006-00693 Millers Camp Branch,MP2,,3,130,12,11,13,10,13,15,15,7,5,7,7,8,8,12,14,16
2006-831 Dill Branch restoration,,,2,120,11,10,10,10,18,15,16,7,7,5,5,3,3,14,10,6
2006-831 Dill Branch restoration,,,4,136,11,13,10,13,13,15,16,7,7,8,8,9,9,14,16,18
2007-421-KAN Spicelick Fork,,,2,132,14,14,10,8,17,13,18,7,7,7,7,9,1,14,14,10
2008-2154 KAN Mary Fork,MF 11,fall,2,146,15,13,15,10,18,16,17,7,7,9,6,10,3,14,15,13
unknown1-ICGOBrien Birch River,IP 7,,5,148,16,16,17,15,16,16,14,7,8,6,6,4,7,15,12,11
unknown1-ICGOBrien Birch River,IP 10,,5,151,16,16,17,16,16,17,16,7,8,7,8,4,3,15,15,7
unknown1-ICGOBrien Birch River,IP 10,,3,135,15,16,10,16,16,17,10,7,8,6,8,3,3,15,14,6
unknown8-KeystoneRush UT Rush Creek,M1,,1,136,15,17,13,16,15,12,6,7,7,6,6,6,9,14,12,15
1997-00093 Clear water ditch 2,,,3,66,9,8,2,8,3,8,2,8,4,4,8,1,1,12,12,2
1999-759-2 and -3 conveyance ditch 2 site B 16-003 Beech Branch,,,2,155,18,16,16,14,12,16,18,8,7,7,7,8,8,15,14,16
1999-759-2 and -3 conveyance ditch 2 site B 16-003 Beech Branch,,,4,138,15,12,10,15,16,14,10,8,8,8,8,7,7,16,16,14
2000-00413-4 Beech Fork,site 1,after construction,0,83,3,2,6,4,7,5,5,8,9,8,9,8,9,17,17,17
2000-00413-4 Beech Fork,site 2,after construction,0,97,8,5,7,5,8,8,5,8,9,8,9,8,9,17,17,17
2001-01307 Stream A,A-1,,2,91,7,10,6,10,6,6,6,8,8,6,6,3,9,16,12,12
2001-01307 Stream B,B-2,,2,112,7,13,6,12,3,10,15,8,8,7,7,7,9,16,14,16
2001-01307 Stream B,B-3,,2,99,6,11,6,10,5,9,5,8,8,7,7,9,8,16,14,17
2001-01307 Stream C,C-8,as-built,0,114,10,13,6,13,5,9,13,8,7,7,7,7,9,15,14,16
2001-01307 Stream C,C-2,,1,90,3,7,6,9,0,8,8,8,8,8,8,8,9,16,16,17
2001-01307 Stream C,C-2,,2,97,3,11,5,11,2,8,8,8,8,8,8,8,9,16,16,17
2001-01307 Stream C,C-9,,2,117,10,15,6,15,1,10,16,8,8,6,7,8,7,16,13,15
2001-01307 Stream C,C-5,,3,115,8,13,6,15,8,10,15,8,8,7,7,5,5,16,14,10
2002-00264 Evans Ferrell Branch,,first quarter,3,164,17,15,18,15,17,16,16,8,8,8,8,9,9,16,16,18
2002-00264 Gilbert Creek,,,2,122,18,14,9,12,8,15,14,8,7,7,9,8,10,15,16,18
2002-00264 Gilbert Creek,site 2,,3,119,11,12,13,10,11,10,13,8,8,8,8,2,5,16,16,7
2002-01114-1 Sugartree Branch (westridge 2),HAV3,spring,1,142,10,10,10,16,18,19,6,8,8,9,9,9,10,16,18,19
2002-01114-1 Sugartree Branch (westridge 2),HAV5,spring,3,123,13,6,15,10,16,15,6,8,9,8,7,1,9,17,15,10
2002-01114-1 Sugartree Branch (westridge 2),HAV2,fall,3,111,12,6,8,9,18,12,7,8,8,4,7,3,9,16,11,12
2002-01114-1 Sugartree Branch (westridge 2),HAV3,fall,3,108,12,7,5,9,16,13,6,8,8,6,6,3,9,16,12,12
2002-01114-1 Sugartree Branch (westridge 2),HAV4,fall,3,114,12,11,5,6,18,11,9,8,9,6,6,7,6,17,12,13
2002-01114-1 Sugartree Branch (westridge 2),HAV5,spring,4,123,13,6,15,10,16,15,6,8,9,8,7,1,9,17,15,10
2002-01114-1 Sugartree Branch (westridge 2),HAV2,fall,4,111,12,6,8,9,18,12,7,8,8,4,7,3,9,16,11,12
2002-01114-1 Sugartree Branch (westridge 2),HAV3,fall,4,108,12,7,5,9,16,13,6,8,8,6,6,3,9,16,12,12
2002-01114-1 Sugartree Branch (westridge 2),HAV4,fall,4,114,12,11,5,6,18,11,9,8,9,6,6,7,6,17,12,13
2002-01114-1 Sugartree Branch (westridge 2),HAV2,spring,5,112,16,6,5,12,18,11,6,8,8,4,7,2,9,16,11,11
2002-01114-1 Sugartree Branch (westridge 2),HAV3,spring,5,119,13,8,4,12,17,15,7,8,8,6,7,5,9,16,13,14
2002-01114-1 Sugartree Branch (westridge 2),HAV4,spring,5,114,13,9,4,9,17,13,9,8,9,6,6,3,8,17,12,11
2002-01114-1 Sugartree Branch (westridge 2),HAV5,spring,5,126,13,10,12,11,17,15,6,8,9,7,7,2,9,17,14,11
2002-01114-1 Sugartree Branch (westridge 2),HAV3,fall,5,118,13,9,4,12,14,15,7,8,8,7,7,5,9,16,14,14
2002-01114-1 Sugartree Branch (westridge 2),HAV5,fall,5,126,13,9,12,12,16,15,6,8,9,8,7,2,9,17,15,11
2003-00065 Hewitt Creek,HAV3,fall,1,145,18,10,14,16,16,18,7,8,8,7,7,10,6,16,14,16
2003-00065 Hewitt Creek,HAV6,spring,2,139,17,10,16,15,18,16,5,8,9,8,6,9,2,17,14,11
2003-00065 Hewitt Creek,HAV6,fall,2,138,17,9,16,14,19,15,6,8,9,8,6,9,2,17,14,11
2003-00065 Hewitt Creek,HAV1,spring,3,139,16,10,8,13,19,16,9,8,8,9,8,9,6,16,17,15
2003-00065 Hewitt Creek,HAV2,spring,3,144,16,11,16,12,17,15,10,8,6,9,8,9,7,14,17,16
2003-00065 Hewitt Creek,HAV3,spring,3,142,16,10,16,13,16,15,9,8,7,8,7,9,8,15,15,17
2003-00065 Hewitt Creek,HAV4,spring,3,133,12,11,10,13,16,16,7,8,7,8,8,8,9,15,16,17
2003-00065 Hewitt Creek,HAV5,spring,3,136,15,9,16,12,17,16,9,8,8,7,7,6,6,16,14,12
2003-00065 Hewitt Creek,HAV6,spring,3,139,17,10,16,13,16,16,8,8,8,9,7,9,2,16,16,11
2003-00065 Hewitt Creek,HAV1,fall,3,141,18,10,10,10,18,17,10,8,9,9,8,9,5,17,17,14
2003-00065 Hewitt Creek,HAV2,fall,3,146,18,10,17,11,15,18,10,8,9,8,8,9,5,17,16,14
2003-00065 Hewitt Creek,HAV3,fall,3,145,18,10,17,15,14,17,7,8,7,8,7,9,8,15,15,17
2003-00065 Hewitt Creek,HAV7,fall,3,149,16,10,18,14,16,17,8,8,8,9,8,9,8,16,17,17
2003-00065 Hewitt Creek,HAV1,spring,4,140,18,10,9,11,19,16,10,8,8,9,8,9,5,16,17,14
2003-00065 Hewitt Creek,HAV7,spring,4,153,17,11,18,15,19,16,7,8,8,9,8,9,8,16,17,17
2003-00065 Hewitt Creek,HAV1,fall,4,127,14,10,10,10,16,15,10,8,8,8,6,9,3,16,14,12
2003-00065 Hewitt Creek,HAV2,fall,4,145,16,10,16,13,16,15,10,8,8,9,9,9,6,16,18,15
2003-00065 Hewitt Creek,HAV3,fall,4,145,17,10,16,13,17,14,10,8,8,9,8,9,6,16,17,15
2003-00065 Hewitt Creek,HAV6,fall,4,140,17,11,18,15,17,15,6,8,8,9,6,9,1,16,15,10
2003-00065 Hewitt Creek,HAV7,fall,4,150,17,11,18,15,18,15,7,8,8,9,9,9,6,16,18,15
2003-00065 Hewitt Creek,HAV1,spring,5,133,14,10,10,12,19,15,10,8,8,9,6,9,3,16,15,12
2003-00065 Hewitt Creek,HAV3,spring,5,149,17,11,16,14,19,14,10,8,8,9,8,9,6,16,17,15
2003-00065 Hewitt Creek,HAV6,spring,5,140,17,11,16,15,19,15,6,8,8,9,6,9,1,16,15,10
2003-00065 Hewitt Creek,HAV7,spring,5,143,17,11,10,15,19,15,7,8,8,9,9,9,6,16,18,15
2003-00065 Hewitt Creek,HAV1,fall,5,135,15,10,10,14,17,15,10,8,8,9,7,9,3,16,16,12
2003-00065 Hewitt Creek,HAV2,fall,5,152,17,11,16,15,19,15,10,8,8,9,9,9,6,16,18,15
2003-01379 1st ULT Sugartree Branch,HAV3,fall,3,122,13,14,6,15,16,14,6,8,5,7,7,9,2,13,14,11
2003-01379 1st ULT Sugartree Branch,HAV3,spring,4,120,13,14,6,13,16,14,6,8,5,7,7,9,2,13,14,11
2003-01379 1st ULT Sugartree Branch,HAV2,fall,4,143,16,11,16,14,17,15,6,8,8,8,7,9,8,16,15,17
2003-01379 1st ULT Sugartree Branch,HAV9,fall,4,134,16,8,6,15,17,15,6,8,9,8,8,9,9,17,16,18
2003-01379 1st ULT Sugartree Branch,HAV2,spring,5,139,15,10,16,13,17,15,6,8,7,8,7,9,8,15,15,17
2003-01379 1st ULT Sugartree Branch,HAV6,spring,5,140,16,11,16,13,17,15,6,8,8,8,7,9,6,16,15,15
2003-01379 1st ULT Sugartree Branch,HAV9,spring,5,132,16,8,6,14,16,15,6,8,9,8,8,9,9,17,16,18
2003-01379 1st ULT Sugartree Branch,HAV2,fall,5,140,15,10,16,13,18,15,6,8,8,8,6,9,8,16,14,17
2003-01379 1st ULT Sugartree Branch,HAV3,fall,5,144,16,10,16,16,18,15,8,8,8,8,7,9,5,16,15,14
2003-01379 1st ULT Sugartree Branch,HAV6,fall,5,143,16,13,16,13,18,15,6,8,8,8,7,9,6,16,15,15
2003-01379 1st ULT Sugartree Branch,HAV8,fall,5,147,17,11,16,15,18,15,7,8,8,8,8,7,9,16,16,16
2003-01379 1st ULT Sugartree Branch,HAV9,fall,5,130,15,8,6,12,17,15,6,8,9,8,8,9,9,17,16,18
2003-01379 5th ULT Sugartree Branch,HAV4,fall,1,119,11,11,8,17,1,16,13,8,8,5,5,8,8,16,10,16
2003-01379 5th ULT Sugartree Branch,HAV4,spring,2,115,9,10,7,5,5,16,17,8,8,6,8,8,8,16,14,16
2003-01379 5th ULT Sugartree Branch,HAV5,spring,2,130,10,14,11,15,0,19,9,8,8,9,9,9,9,16,18,18
2003-01379 5th ULT Sugartree Branch,HAV4,fall,4,119,10,12,5,13,1,15,16,8,8,7,8,8,8,16,15,16
2003-01379 5th ULT Sugartree Branch,HAV5,fall,4,112,9,11,0,13,0,15,16,8,8,7,8,9,8,16,15,17
2003-01379 5th ULT Sugartree Branch,HAV4,spring,5,117,10,12,3,13,1,15,16,8,8,7,8,8,8,16,15,16
2003-01379 5th ULT Sugartree Branch,HAV5,spring,5,11,9,10,0,13,0,15,16,8,8,7,8,9,8,16,15,17
2003-01379 5th ULT Sugartree Branch,HAV4,fall,5,116,10,12,1,13,1,15,16,8,8,8,8,8,8,16,16,16
2003-01379 5th ULT Sugartree Branch,HAV5,fall,5,11,9,10,0,13,0,15,16,8,8,7,8,9,8,16,15,17
2003-01379 Sugartree Branch (westridge 3),HAV7,spring,1,132,11,16,8,11,11,17,11,8,8,8,8,6,9,16,16,15
2004-00215 Grapevine Creek lower portion,,,3,147,16,16,15,17,12,15,17,8,7,6,8,5,5,15,14,10
2004-00215 Lick Fork,,,3,158,18,16,15,11,13,18,16,8,8,9,9,8,9,16,18,17
2004-00215 Lick Fork,,,1,145,14,12,15,14,16,10,18,8,8,9,9,2,10,16,18,12
2004-00464 NWP21 and 2005-00031 IP Rye Cove enhancement reach,1,,4,142,13,15,10,13,8,18,13,8,8,8,8,10,10,16,16,20
2004-00464 NWP21 and 2005-00031 IP Rye Cove enhancement reach,4,,4,152,16,16,10,16,8,16,16,8,8,9,9,10,10,16,18,20
2004-00464 NWP21 and 2005-00031 IP Rye Cove restoration reach,1,,4,131,11,15,10,11,10,13,13,8,8,7,7,9,9,16,14,18
2004-00658 Bull Creek,site 4,,6,144,16,15,15,13,14,13,14,8,7,8,8,5,8,15,16,13
2004-00844 Lukey Fork,hav7,spring,5,124,15,11,12,8,14,15,9,8,7,5,9,2,9,15,14,11
2004-00844 Lukey Fork,hav7,fall,5,126,13,11,10,11,15,15,10,8,8,5,9,2,9,16,14,11
2004-00844 Lukey Fork,hav6,fall,4,133,13,10,16,10,16,15,9,8,7,8,6,9,6,15,14,15
2004-00844 Lukey Fork,hav7,fall,4,128,14,10,14,8,15,15,10,8,7,7,9,2,9,15,16,11
2004-00844 Lukey Fork,hav3,spring,3,131,13,6,16,9,13,16,9,8,8,7,8,8,10,16,15,18
2004-00844 Lukey Fork,hav6,spring,3,131,14,8,16,9,14,15,8,8,8,8,6,10,7,16,14,17
2004-00844 Lukey Fork,hav7,spring,3,118,13,9,10,9,14,14,9,8,8,6,7,2,9,16,13,11
2004-00844 Lukey Fork,hav1,fall,3,117,10,5,9,8,18,16,8,8,8,7,8,6,6,16,15,12
2004-00844 Lukey Fork,hav3,fall,3,136,13,7,16,8,18,16,9,8,8,7,8,8,10,16,15,18
2004-00844 Lukey Fork,hav5,fall,3,131,14,10,12,11,17,16,9,8,8,6,8,5,7,16,14,12
2004-00844 Lukey Fork,hav7,fall,3,110,7,6,15,5,16,14,7,8,8,6,7,8,9,16,13,17
2004-00844 Lukey Fork,hav1,spring,2,118,11,6,8,8,15,15,6,8,9,8,8,7,9,17,16,16
2004-00844 Lukey Fork,hav1,fall,2,116,10,6,9,8,14,15,8,8,8,7,8,6,9,16,15,15
2004-00844 Lukey Fork,hav2,fall,2,131,13,9,16,8,15,15,7,8,8,7,7,9,9,16,14,18
2004-00844 Lukey Fork,hav4,fall,2,133,15,9,14,13,16,15,7,8,9,6,6,6,9,17,12,15
2004-00844 Lukey Fork,hav7,fall,2,115,10,6,16,6,15,15,6,8,8,5,8,3,9,16,13,12
2004-00864 Upper Grapevine Creek,,,3,147,17,14,15,16,13,15,16,8,7,8,6,8,4,15,14,12
2005-00162 Carrow Fork,CF 1,,4,126,14,15,12,10,12,13,12,8,5,5,7,9,4,13,12,13
2005-00745 Left Fork Holly Thicket - restored intermittent,,,3,143,13,15,10,13,13,16,11,8,8,9,9,9,9,16,18,18
2005-00745 Left Fork Holly Thicket - restored intermittent,,,1,146,13,15,10,13,16,16,11,8,8,9,9,9,9,16,18,18
2005-00745 Left Fork Holly Thicket - restored intermittent,,,2,146,13,15,10,13,16,16,11,8,8,9,9,9,9,16,18,18
2005-00745 Sugarcamp Branch enhancement reach,,,1,151,16,16,13,15,15,16,16,8,8,6,6,8,8,16,12,16
2005-01005 Pond Fork,PF 2,,2,156,17,15,15,16,19,15,16,8,9,8,8,8,2,17,16,10
2005-01005 Pond Fork,PF 1,,1,168,18,16,19,17,17,15,18,8,9,8,9,7,7,17,17,14
2005-01005 Pond Fork2,PF 10-2,,1,143,15,16,16,12,16,12,17,8,8,6,7,5,5,16,13,10
2005-01101 Reach A,,,3,101,10,11,7,11,11,3,16,8,8,4,4,4,4,16,8,8
2005-01314 Pace Branch restoration,,,1,135,13,8,10,13,15,16,16,8,8,8,8,6,6,16,16,12
2005-01314 Pace Branch restoration,,,2,141,15,8,10,13,15,16,16,8,8,8,8,8,8,16,16,16
2005-01315 Preacher Fork - left fork,,,1,118,8,11,10,6,13,16,16,8,8,6,6,5,5,16,12,10
2005-01315 Preacher Fork - left fork,,,3,135,11,13,10,13,15,16,13,8,8,8,8,8,8,16,16,16
2005-01315 Preacher Fork - main stem,,,1,135,11,13,10,13,18,16,16,8,8,6,6,5,5,16,12,10
2005-01315 Preacher Fork - main stem,,,2,121,10,10,10,8,18,16,11,8,8,6,6,5,5,16,12,10
2005-01315 Preacher Fork - main stem,,,3,137,10,13,10,13,16,16,11,8,8,8,8,8,8,16,16,16
2005-1290 UTRPC 1 Upper,,,5,155,14,15,17,14,15,18,18,8,8,7,7,8,6,16,14,14
2006-0015 Spruce Fork,,,3,119,11,13,7,14,7,9,19,8,6,6,7,5,7,14,13,12
2006-0015 Spruce Fork,,,4,113,11,13,5,15,5,6,19,8,6,6,7,5,7,14,13,12
2006-00324 Left Fork of White Oak Creek,AP-2,,2,125,13,10,11,10,13,13,6,8,8,8,8,8,9,16,16,17
2006-00324 Left Fork of White Oak Creek,AP-3,,2,129,13,11,12,11,13,13,10,8,7,7,7,9,8,15,14,17
2006-00324 Left Fork of White Oak Creek,AP-2,,3,142,15,11,11,15,17,13,16,8,8,8,8,6,6,16,16,12
2006-00324 Left Fork of White Oak Creek,AP-3,,3,146,16,11,10,15,18,14,16,8,7,7,8,9,7,15,15,16
2006-00324 Left Fork of White Oak Creek,AP-2,,4,141,15,12,11,15,15,13,16,8,8,8,8,6,6,16,16,12
2006-00324 Left Fork of White Oak Creek,AP-3,,4,147,16,13,10,16,15,14,16,8,8,7,8,9,7,16,15,16
2006-00324 Left Fork of White Oak Creek,PTF 2,,2,147,18,16,13,15,18,15,17,8,5,5,3,5,9,13,8,14
2006-00324 Left Fork of White Oak Creek,PTF 3,,2,159,18,16,13,15,19,15,18,8,8,7,8,5,9,16,15,14
2006-00324 Left Fork of White Oak Creek,PTF 2,,3,155,18,16,13,15,19,15,18,8,6,7,6,5,9,14,13,14
2006-00324 Left Fork of White Oak Creek,PTF 3,,3,160,18,16,13,15,19,15,18,8,8,8,8,5,9,16,16,14
2006-00324 UT Left Fork of White Oak Creek (PTF-1),PTF 1,,4,138,11,10,9,11,16,14,17,8,8,9,9,8,8,16,18,16
2006-00693 Millers Camp Branch,MP4,,3,146,15,13,13,11,14,13,15,8,7,7,7,6,7,15,14,13
2006-831 Dill Branch enhancement,,,1,147,15,15,10,11,16,16,16,8,8,7,7,9,9,16,14,18
2006-831 Dill Branch enhancement,,,2,147,15,15,10,11,16,16,16,8,8,7,7,9,9,16,14,18
2006-831 Dill Branch enhancement,,,4,144,15,15,10,11,13,16,16,8,8,7,7,9,9,16,14,18
2006-831 Dill Branch restoration,,,1,123,11,11,10,10,18,15,16,8,8,5,5,3,3,16,10,6
2006-831 Dill Branch restoration,,,5,136,15,15,10,15,17,15,16,8,8,8,8,9,9,16,16,18
2007-421-KAN Spicelick Fork,,,1,154,14,14,15,16,16,13,18,8,8,9,9,9,5,16,18,14
2008-2154 KAN Mary Fork,MF 11,fall,1,141,15,15,16,9,17,16,9,8,8,8,7,10,3,16,15,13
2008-2154 KAN Mary Fork,MF 10,fall,2,159,16,13,16,14,19,16,17,8,8,9,7,8,8,16,16,16
2008-2154 KAN Mary Fork,MF 10,fall,3,161,16,14,17,13,18,16,18,8,7,9,8,9,8,15,17,17
2008-2154 KAN Mary Fork,MF 11,fall,3,146,15,14,15,10,16,16,16,8,7,8,7,10,4,15,15,14
unknown1-ICGOBrien Birch River,IP 6,pre-existing,0,106,13,5,16,15,19,6,10,8,0,6,0,8,0,8,6,8
unknown1-ICGOBrien Birch River,IP 9,pre-existing,0,122,11,16,10,11,11,16,13,8,3,8,3,9,3,11,11,12
unknown1-ICGOBrien Birch River,IP 4,,5,150,16,18,18,15,15,17,16,8,6,5,8,3,5,14,13,8
unknown1-ICGOBrien Birch River,IP 6,,5,145,15,14,16,16,19,14,16,8,7,8,2,8,2,15,10,10
unknown1-ICGOBrien Birch River,IP 8,,5,155,17,17,18,15,17,15,14,8,8,7,7,7,5,16,14,12
unknown1-ICGOBrien Birch River,IP 1,,3,130,15,5,9,15,19,16,7,8,8,8,7,10,3,16,15,13
unknown1-ICGOBrien Birch River,IP 2,,3,131,16,5,11,13,19,16,10,8,8,8,5,9,3,16,13,12
unknown1-ICGOBrien Birch River,IP 3,,3,129,15,5,10,15,19,16,10,8,8,7,5,9,2,16,12,11
unknown1-ICGOBrien Birch River,IP 4,,3,136,16,19,10,15,15,16,10,8,6,5,8,3,5,14,13,8
unknown1-ICGOBrien Birch River,IP 6,,3,134,15,13,11,16,19,15,10,8,7,8,2,8,2,15,10,10
unknown1-ICGOBrien Birch River,IP 8,,3,141,19,16,16,15,16,16,10,8,6,5,5,6,3,14,10,9
unknown1-ICGOBrien Birch River,IP 9,,3,146,17,16,15,15,18,16,10,8,6,8,5,9,3,14,13,12
unknown4-Frasure West Fork of Pond Fork,site 1,,2,153,15,16,15,14,16,15,14,8,9,8,9,5,9,17,17,14
unknown4-Frasure West Fork of Pond Fork,site 2,,2,152,14,15,15,16,17,16,11,8,9,7,9,6,9,17,16,15
unknown8-KeystoneRush UT Rush Creek,M2,,4,121,13,10,8,5,15,15,13,8,7,5,8,5,9,15,13,14
unknown8-KeystoneRush UT Rush Creek,M2,,5,106,10,10,12,8,7,12,9,8,8,7,5,3,7,16,12,10
unknown8-KeystoneRush UT Rush Creek,M2,,6,111,11,13,13,8,7,12,10,8,8,6,5,3,7,16,11,10
1997-00093 Clear Water ditch 1,,,1,59,4,6,5,2,5,6,5,9,9,2,2,2,2,18,4,4
1997-00093 Clear Water ditch 1,,,3,73,9,9,2,10,1,9,3,9,5,5,9,1,1,14,14,2
1997-00093 Clear water ditch 2,,,1,57,3,6,5,2,5,6,4,9,9,2,2,2,2,18,4,4
1999-759-2 and -3 conveyance ditch 1 site B 15-004 UT of Beech Branch,,,1,145,15,14,14,14,13,5,18,9,9,8,8,8,10,18,16,18
1999-759-2 and -3 conveyance ditch 1 site B 15-004 UT of Beech Branch,,,2,151,16,15,13,14,15,6,16,9,9,9,9,10,10,18,18,20
1999-759-2 and -3 conveyance ditch 2 site B 16-003 Beech Branch,,,1,160,19,17,17,13,10,18,17,9,8,7,7,8,10,17,14,18
2000-00413-4 Beech Fork,site 3,after construction,0,165,16,15,16,15,15,18,16,9,9,10,10,8,8,18,20,16
2001-01307 Stream A,A-1,,3,92,6,6,6,10,10,6,6,9,9,6,6,3,9,18,12,12
2001-01307 Stream A,A-2,,3,78,4,6,6,7,3,6,5,9,9,6,6,5,6,18,12,11
2001-01307 Stream A,A-3,,3,82,4,5,6,9,7,6,5,9,9,6,7,3,6,18,13,9
2001-01307 Stream B,B-1,,3,101,6,9,5,7,7,11,10,9,9,8,8,6,6,18,16,12
2001-01307 Stream B,B-2,,3,82,1,11,1,12,2,10,2,9,9,7,8,5,5,18,15,10
2001-01307 Stream B,B-3,,3,78,3,6,1,5,5,10,3,9,9,8,8,5,6,18,16,11
2001-01307 Stream B,B-4,,3,69,0,7,0,5,1,10,1,9,9,8,8,6,5,18,16,11
2001-01307 Stream C,C-2,as-built,0,96,3,7,6,8,7,8,8,9,9,7,7,8,9,18,14,17
2001-01307 Stream C,C-1,,3,97,5,10,5,15,5,10,5,9,9,7,7,5,5,18,14,10
2001-01307 Stream C,C-2,,3,70,0,3,1,5,4,10,3,9,9,8,8,5,5,18,16,10
2001-01307 Stream C,C-3,,3,117,7,11,7,12,18,10,12,9,9,6,6,5,5,18,12,10
2001-01307 Stream C,C-4,,3,94,4,9,5,13,3,10,8,9,9,7,7,5,5,18,14,10
2001-01307 Stream C,C-6,,3,93,5,11,5,9,5,8,6,9,9,8,8,5,5,18,16,10
2001-01307 Stream C,C-7,,3,91,2,9,4,16,3,11,2,9,9,8,8,5,5,18,16,10
2001-01307 Stream C,C-8,,3,85,2,7,2,13,7,8,4,9,9,7,7,5,5,18,14,10
2001-01307 Stream C,C-9,,3,94,5,5,5,15,4,11,5,9,9,8,8,5,5,18,16,10
2001-01307 Stream D,D-1,,3,93,5,3,3,15,10,9,5,9,9,7,8,5,5,18,15,10
2001-01307 Stream E,E-1,,3,85,3,3,1,16,3,10,5,9,9,8,8,5,5,18,16,10
2002-00264 Evans Ferrell Branch,,,2,116,12,13,10,9,7,12,14,9,9,2,9,1,9,18,11,10
2002-01114-1 Sugartree Branch (westridge 2),HAV2,spring,1,138,15,10,13,11,19,15,10,9,9,8,8,9,2,18,16,11
2002-01114-1 Sugartree Branch (westridge 2),HAV4,spring,1,141,17,10,10,17,16,17,6,9,9,8,8,5,9,18,16,14
2002-01114-1 Sugartree Branch (westridge 2),HAV5,spring,1,127,16,10,6,14,16,15,6,9,6,7,8,10,4,15,15,14
2002-01114-1 Sugartree Branch (westridge 2),HAV5,spring,2,119,14,5,5,11,16,15,6,9,8,8,8,5,9,17,16,14
2002-01114-1 Sugartree Branch (westridge 2),HAV5,fall,3,112,11,6,6,8,17,15,6,9,9,8,7,1,9,18,15,10
2002-01114-1 Sugartree Branch (westridge 2),HAV5,fall,4,112,11,6,6,8,17,15,6,9,9,8,7,1,9,18,15,10
2002-01114-1 Sugartree Branch (westridge 2),HAV2,fall,5,117,15,6,5,13,15,11,6,9,8,7,9,4,9,17,16,13
2002-01114-1 Sugartree Branch (westridge 2),HAV4,fall,5,115,13,9,5,9,15,13,9,9,9,7,6,3,8,18,13,11
2003-00065 Hewitt Creek,HAV4,spring,1,138,15,9,14,14,17,16,6,9,9,6,6,8,9,18,12,17
2003-00065 Hewitt Creek,HAV5,spring,1,137,14,10,10,18,19,16,6,9,9,7,5,7,7,18,12,14
2003-00065 Hewitt Creek,HAV6,spring,1,140,18,10,16,17,19,17,8,9,9,4,4,7,2,18,8,9
2003-00065 Hewitt Creek,HAV7,spring,1,152,14,10,14,17,19,17,6,9,9,9,9,10,9,18,18,19
2003-00065 Hewitt Creek,HAV4,fall,1,141,16,10,14,15,15,16,6,9,9,7,7,8,9,18,14,17
2003-00065 Hewitt Creek,HAV5,fall,1,136,15,10,10,17,17,16,6,9,9,7,6,7,7,18,13,14
2003-00065 Hewitt Creek,HAV6,fall,1,139,18,10,16,17,16,17,8,9,9,5,5,7,2,18,10,9
2003-00065 Hewitt Creek,HAV7,fall,1,150,15,10,14,17,16,17,6,9,9,9,9,10,9,18,18,19
2003-00065 Hewitt Creek,HAV1,spring,2,147,18,10,10,15,19,16,10,9,9,9,7,9,6,18,16,15
2003-00065 Hewitt Creek,HAV2,spring,2,154,18,10,16,15,18,16,11,9,9,9,7,9,7,18,16,16
2003-00065 Hewitt Creek,HAV3,spring,2,153,17,10,16,15,19,16,10,9,9,9,7,9,7,18,16,16
2003-00065 Hewitt Creek,HAV4,spring,2,138,15,10,6,16,19,16,7,9,8,7,8,8,9,17,15,17
2003-00065 Hewitt Creek,HAV5,spring,2,142,16,9,16,15,19,16,7,9,8,7,8,6,6,17,15,12
2003-00065 Hewitt Creek,HAV7,spring,2,154,16,11,16,17,19,16,8,9,8,9,8,9,8,17,17,17
2003-00065 Hewitt Creek,HAV1,fall,2,143,18,10,10,13,16,16,10,9,9,9,8,9,6,18,17,15
2003-00065 Hewitt Creek,HAV2,fall,2,146,18,10,16,13,11,16,10,9,9,9,7,9,9,18,16,18
2003-00065 Hewitt Creek,HAV3,fall,2,149,17,10,15,16,16,16,7,9,9,9,8,9,8,18,17,17
2003-00065 Hewitt Creek,HAV4,fall,2,135,15,9,8,14,18,16,6,9,8,7,8,8,9,17,15,17
2003-00065 Hewitt Creek,HAV5,fall,2,140,16,8,16,13,17,16,10,9,8,8,7,6,6,17,15,12
2003-00065 Hewitt Creek,HAV7,fall,2,148,16,11,14,16,19,15,6,9,8,9,8,9,8,17,17,17
2003-00065 Hewitt Creek,HAV7,spring,3,137,15,12,9,15,17,15,5,9,7,9,8,9,7,16,17,16
2003-00065 Hewitt Creek,HAV4,fall,3,135,16,9,12,12,15,16,6,9,7,8,7,9,9,16,15,18
2003-00065 Hewitt Creek,HAV5,fall,3,142,16,10,17,13,13,16,8,9,9,9,8,9,5,18,17,14
2003-00065 Hewitt Creek,HAV4,spring,4,139,15,10,12,13,18,16,6,9,7,8,7,9,9,16,15,18
2003-00065 Hewitt Creek,HAV5,spring,4,145,16,11,17,12,17,16,8,9,8,9,8,9,5,17,17,14
2003-00065 Hewitt Creek,HAV4,fall,4,142,15,10,12,14,17,15,6,9,9,8,9,9,9,18,17,18
2003-00065 Hewitt Creek,HAV5,fall,4,140,16,11,17,13,17,15,8,9,8,9,6,9,2,17,15,11
2003-00065 Hewitt Creek,HAV4,spring,5,148,15,10,16,14,19,15,6,9,9,8,9,9,9,18,17,18
2003-00065 Hewitt Creek,HAV5,spring,5,145,17,11,17,15,19,15,8,9,8,9,6,9,2,17,15,11
2003-00065 Hewitt Creek,HAV3,fall,5,150,17,12,16,14,17,14,10,9,8,9,9,9,6,17,18,15
2003-00065 Hewitt Creek,HAV4,fall,5,145,16,10,15,14,15,15,6,9,9,9,9,9,9,18,18,18
2003-00065 Hewitt Creek,HAV5,fall,5,150,17,12,17,15,19,15,8,9,9,9,8,9,3,18,17,12
2003-00065 Hewitt Creek,HAV6,fall,5,143,17,12,16,14,18,15,8,9,8,9,7,9,1,17,16,10
2003-00065 Hewitt Creek,HAV7,fall,5,154,16,12,18,16,19,15,8,9,8,9,9,9,6,17,18,15
2003-01379 1st ULT Sugartree Branch,HAV1,fall,1,156,17,17,14,12,15,19,12,9,9,8,8,9,7,18,16,16
2003-01379 1st ULT Sugartree Branch,HAV2,fall,1,154,16,16,15,14,16,18,8,9,9,8,8,9,8,18,16,17
2003-01379 1st ULT Sugartree Branch,HAV3,fall,1,145,16,17,13,10,15,18,9,9,9,8,8,9,4,18,16,13
2003-01379 1st ULT Sugartree Branch,HAV6,fall,1,149,16,16,14,17,14,15,10,9,9,8,8,9,4,18,16,13
2003-01379 1st ULT Sugartree Branch,HAV10,fall,1,133,11,12,10,15,14,17,6,9,7,8,8,8,8,16,16,16
2003-01379 1st ULT Sugartree Branch,HAV1,spring,1,157,16,17,15,12,16,19,12,9,9,8,8,9,7,18,16,16
2003-01379 1st ULT Sugartree Branch,HAV2,spring,1,156,16,16,15,14,18,18,8,9,9,8,8,9,8,18,16,17
2003-01379 1st ULT Sugartree Branch,HAV3,spring,1,145,15,18,13,10,16,18,9,9,9,8,8,9,3,18,16,12
2003-01379 1st ULT Sugartree Branch,HAV6,spring,1,148,15,17,14,17,14,15,10,9,9,8,8,9,3,18,16,12
2003-01379 1st ULT Sugartree Branch,HAV10,spring,1,132,10,12,10,15,14,17,6,9,7,8,8,8,8,16,16,16
2003-01379 5th ULT Sugartree Branch,HAV4,spring,1,131,10,13,10,17,7,16,12,9,9,5,5,9,9,18,10,18
2003-01379 5th ULT Sugartree Branch,HAV5,spring,1,152,17,19,12,18,7,16,11,9,9,8,8,9,9,18,16,18
2003-01379 5th ULT Sugartree Branch,HAV5,fall,1,145,17,18,12,18,1,16,11,9,9,8,8,9,9,18,16,18
2003-01379 Sugartree Branch (westridge 3),HAV7,fall,1,127,11,16,8,11,1,16,12,9,9,9,9,7,9,18,18,16
2004-00215 Lick Fork,,,2,162,16,14,16,13,16,17,16,9,9,9,9,9,9,18,18,18
2004-00311 Loggy Branch main channel,site 1,,3,164,16,16,16,17,17,15,15,9,9,9,9,8,8,18,18,16
2004-00311 Loggy Branch main channel,site 2,,3,164,16,16,16,17,17,15,15,9,9,9,9,8,8,18,18,16
2004-00311 Loggy Branch main channel,site 2,,4,141,15,13,12,16,15,14,16,9,7,9,5,9,2,16,14,11
2004-00464 NWP21 and 2005-00031 IP Rye Cove enhancement reach,3,,4,150,13,16,10,15,8,16,16,9,9,9,9,10,10,18,18,20
2004-00464-teh UT Montgomery Creek,,,4,118,10,15,8,13,0,6,16,9,9,8,8,9,7,18,16,16
2004-00604 Left Fork Cow Creek,site 1,,4,157,16,16,15,12,15,14,16,9,8,9,9,9,9,17,18,18
2004-00844 Lukey Fork,hav4,spring,3,133,15,8,15,11,13,15,8,9,9,8,8,5,9,18,16,14
2004-00844 Lukey Fork,hav5,spring,3,125,13,10,13,10,12,16,9,9,7,6,8,5,7,16,14,12
2004-00844 Lukey Fork,hav4,fall,3,135,14,11,15,9,17,16,6,9,9,7,8,5,9,18,15,14
2004-00844 Lukey Fork,hav2,spring,2,143,16,10,16,10,16,16,7,9,9,8,8,9,9,18,16,18
2004-00844 Lukey Fork,hav3,spring,2,148,17,7,16,13,17,17,10,9,9,7,8,9,9,18,15,18
2004-00844 Lukey Fork,hav4,spring,2,142,17,9,15,14,19,16,7,9,9,6,6,6,9,18,12,15
2004-00844 Lukey Fork,hav5,spring,2,140,15,8,16,11,15,16,9,9,9,7,8,9,8,18,15,17
2004-00844 Lukey Fork,hav6,spring,2,147,16,9,16,15,17,17,7,9,9,9,8,9,6,18,17,15
2004-00844 Lukey Fork,hav7,spring,2,129,13,6,16,9,16,16,8,9,9,6,8,4,9,18,14,13
2004-00844 Lukey Fork,hav3,fall,2,135,14,6,16,11,15,16,8,9,8,7,8,8,9,17,15,17
2004-00844 Lukey Fork,hav5,fall,2,123,13,6,15,10,14,15,9,9,7,6,7,5,7,16,13,12
2004-00844 Lukey Fork,hav6,fall,2,130,12,7,16,10,16,15,7,9,8,9,6,9,6,17,15,15
2004-00844 Lukey Fork,hav7,spring,1,117,12,10,6,14,15,16,6,9,9,4,6,1,9,18,10,10
2004-00844 Lukey Fork,hav7,fall,1,123,13,10,8,15,14,16,7,9,9,5,6,2,9,18,11,11
2004-00864 Upper Grapevine Creek,,,1,147,16,18,15,15,15,15,12,9,8,5,7,10,2,17,12,12
2005-00745 Left Fork Holly Thicket - enhanced ephemeral,,,3,137,13,13,10,13,5,16,13,9,9,9,9,9,9,18,18,18
2005-00745 Left Fork Holly Thicket - enhanced ephemeral,,,2,140,13,13,10,13,8,16,13,9,9,9,9,9,9,18,18,18
2005-00745 Left Fork Holly Thicket - enhanced intermittent,,,3,146,13,13,10,14,13,16,13,9,9,9,9,9,9,18,18,18
2005-00745 Left Fork Holly Thicket - enhanced intermittent,,,1,150,13,15,10,14,15,16,13,9,9,9,9,9,9,18,18,18
2005-00745 Left Fork Holly Thicket - enhanced intermittent,,,2,149,13,13,10,14,16,16,13,9,9,9,9,9,9,18,18,18
2005-00745 Left Fork Holly Thicket - enhanced perennial,,,3,153,15,13,13,13,13,16,16,9,9,9,9,9,9,18,18,18
2005-00745 Left Fork Holly Thicket - enhanced perennial,,,1,157,15,14,13,13,16,16,16,9,9,9,9,9,9,18,18,18
2005-00745 Left Fork Holly Thicket - enhanced perennial,,,2,156,15,13,13,13,16,16,16,9,9,9,9,9,9,18,18,18
2005-00745 Middle Fork Holly Thicket - enhanced perennial,,,3,165,18,15,14,15,13,18,16,9,9,9,9,10,10,18,18,20
2005-00745 Middle Fork Holly Thicket - enhanced perennial,,,1,166,18,14,14,14,16,18,16,9,9,9,9,10,10,18,18,20
2005-00745 Middle Fork Holly Thicket - enhanced perennial,,,2,168,18,15,14,15,16,18,16,9,9,9,9,10,10,18,18,20
2005-00745 Middle Fork Holly Thicket - restored intermittent,,,3,151,14,14,10,15,13,16,15,9,9,9,9,9,9,18,18,18
2005-00745 Middle Fork Holly Thicket - restored intermittent,,,1,154,14,14,10,15,16,16,15,9,9,9,9,9,9,18,18,18
2005-00745 Middle Fork Holly Thicket - restored intermittent,,,2,154,14,14,10,15,16,16,15,9,9,9,9,9,9,18,18,18
2005-00745 Middle Fork Holly Thicket - restored perennial,,,3,148,13,13,10,15,13,16,14,9,9,9,9,9,9,18,18,18
2005-00745 Middle Fork Holly Thicket - restored perennial,,,1,152,13,14,10,15,16,16,14,9,9,9,9,9,9,18,18,18
2005-00745 Middle Fork Holly Thicket - restored perennial,,,2,151,13,13,10,15,16,16,14,9,9,9,9,9,9,18,18,18
2005-00745 Sugarcamp Branch restored reach A,,,1,140,15,16,13,16,15,15,16,9,9,6,6,2,2,18,12,4
2005-00745 Sugarcamp Branch restored reach B,,,5,149,13,15,11,15,15,15,13,9,9,8,8,9,9,18,16,18
2005-00745 Sugarcamp Branch restored reach B,,,1,133,13,15,13,13,15,15,15,9,9,6,6,2,2,18,12,4
2005-00745 Sugarcamp Branch restored reach B,,,2,124,11,13,11,11,16,15,13,9,9,6,6,2,2,18,12,4
2005-00745 Sugarcamp Branch restored reach B,,,3,124,11,13,11,11,14,15,13,9,9,6,6,3,3,18,12,6
2005-01005 Pond Fork,PF 2,,3,131,14,13,12,14,13,10,15,9,7,9,6,2,7,16,15,9
2005-01005 Pond Fork,PF 1,,2,166,18,16,18,17,19,15,18,9,9,9,9,7,2,18,18,9
2005-01005 Pond Fork2,PF 10-1,,2,139,15,16,14,9,12,13,13,9,9,8,6,10,5,18,14,15
2005-01314 Pace Branch restoration,,,3,149,15,10,10,13,15,16,16,9,9,9,9,9,9,18,18,18
2005-V2168 Cane Creek  ,,,4,149,13,10,18,12,20,16,16,9,9,6,9,3,8,18,15,11
2006-1320 Whetstone,,,1,139,11,13,13,13,15,16,16,9,9,7,7,5,5,18,14,10
2006-831 Dill Branch enhancement,,,5,161,16,17,10,15,16,17,16,9,9,9,9,9,9,18,18,18
2008-2154 KAN Mary Fork,MF 10,fall,1,158,17,15,16,15,18,16,10,9,9,8,7,9,9,18,15,18
unknown1-ICGOBrien Birch River,IP 1,pre-existing,0,90,10,5,3,1,19,16,7,9,4,4,2,10,0,13,6,10
unknown1-ICGOBrien Birch River,IP 2,pre-existing,0,90,10,5,3,1,19,16,7,9,4,4,2,10,0,13,6,10
unknown1-ICGOBrien Birch River,IP 3,pre-existing,0,117,15,5,10,12,19,16,7,9,2,5,2,9,1,11,7,10
unknown1-ICGOBrien Birch River,IP 1,,5,157,13,17,14,17,19,16,14,9,9,8,7,9,5,18,15,14
unknown1-ICGOBrien Birch River,IP 2,,5,153,14,17,14,14,19,16,14,9,9,8,6,10,3,18,14,13
unknown1-ICGOBrien Birch River,IP 3,,5,153,14,17,14,14,19,16,14,9,9,8,6,10,3,18,14,13
unknown1-ICGOBrien Birch River,IP 9,,5,155,17,16,16,15,17,16,14,9,8,8,7,9,3,17,15,12
unknown4-Frasure West Fork of Pond Fork,site 1,,3,157,16,14,17,16,17,15,16,9,9,6,9,5,8,18,15,13
unknown4-Frasure West Fork of Pond Fork,site 2,,3,158,16,16,14,17,16,15,16,9,8,9,9,5,8,17,18,13
2004-00215 Lick Fork,,,4,142,15,14,14,13,9,11,16,10,9,9,9,7,6,19,18,13
2004-00464-teh UT Montgomery Creek,,,2,113,10,15,8,13,5,6,16,10,10,6,6,6,2,20,12,8
2004-00604 Left Fork Cow Creek,site 1,,3,154,18,19,10,13,10,16,16,10,6,10,8,10,8,16,18,18
2004-00844 Lukey Fork,hav1,spring,1,143,16,10,9,13,17,18,7,10,10,7,7,9,10,20,14,19
2004-00844 Lukey Fork,hav2,spring,1,162,19,10,14,15,18,19,10,10,9,9,9,10,10,19,18,20
2004-00844 Lukey Fork,hav3,spring,1,163,19,10,13,19,18,19,9,10,10,8,8,10,10,20,16,20
2004-00844 Lukey Fork,hav4,spring,1,147,19,10,15,15,16,16,11,10,10,5,5,6,9,20,10,15
2004-00844 Lukey Fork,hav5,spring,1,138,18,10,14,16,15,16,8,10,8,5,6,6,6,18,11,12
2004-00844 Lukey Fork,hav6,spring,1,140,16,10,10,15,17,16,8,10,10,8,6,9,5,20,14,14
2004-00844 Lukey Fork,hav1,fall,1,154,16,16,10,14,17,18,10,10,10,7,7,9,10,20,14,19
2004-00844 Lukey Fork,hav2,fall,1,160,19,11,14,16,14,19,10,10,9,9,9,10,10,19,18,20
2004-00844 Lukey Fork,hav3,fall,1,160,19,10,13,19,14,19,10,10,10,8,8,10,10,20,16,20
2004-00844 Lukey Fork,hav4,fall,1,150,19,10,15,16,15,17,11,10,10,6,6,6,9,20,12,15
2004-00844 Lukey Fork,hav5,fall,1,143,19,10,14,17,14,17,9,10,9,6,6,6,6,19,12,12
2004-00844 Lukey Fork,hav6,fall,1,144,17,10,10,16,15,17,9,10,10,8,7,9,6,20,15,15
2005-01005 Pond Fork,PF 1,,3,140,16,13,15,12,13,12,14,10,7,9,7,8,4,17,16,12
2006-00693 Millers Camp Branch,MP3,,3,137,13,12,13,10,13,15,15,5,7,8,8,8,8,12,16,16
1999-759-2 and -3 conveyance ditch 1 site B 15-004 UT of Beech Branch,,,3,,,,,,,,,,,,,,,,,
1999-759-2 and -3 conveyance ditch 2 site B 16-003 Beech Branch,,,3,,,,,,,,,,,,,,,,,
2000-00413-4 Beech Fork,site 1,,1,,,,,,,,,,,,,,,,,
2000-00413-4 Beech Fork,site 2,,1,,,,,,,,,,,,,,,,,
2000-00413-4 Beech Fork,site 3,,1,,,,,,,,,,,,,,,,,
2000-00413-4 Beech Fork,site 1,,2,136,19,10,13,6,18,11,13,,,,,,,16,14,16
2000-00413-4 Beech Fork,site 2,,2,152,17,11,13,8,15,15,19,,,,,,,18,20,16
2000-00413-4 Beech Fork,site 3,,2,129,14,10,8,6,8,15,18,,,,,,,18,16,16
2000-00413-4 Beech Fork,site 1,,3,,,,,,,,,,,,,,,,,
2000-00413-4 Beech Fork,site 2,,3,,,,,,,,,,,,,,,,,
2000-00413-4 Beech Fork,site 3,,3,,,,,,,,,,,,,,,,,
2000-00413-4 Beech Fork,site 1,,4,133,19,9,13,5,18,11,12,,,,,,,16,14,16
2000-00413-4 Beech Fork,site 2,,4,153,17,11,13,9,15,15,19,,,,,,,18,20,16
2000-00413-4 Beech Fork,site 3,,4,129,14,8,8,8,8,15,18,,,,,,,18,16,16
2000-00413-4 Beech Fork,site 1,,5,133,19,9,13,5,18,11,12,,,,,,,16,14,16
2000-00413-4 Beech Fork,site 2,,5,153,17,11,13,9,15,15,19,,,,,,,18,20,16
2000-00413-4 Beech Fork,site 3,,5,129,14,8,8,8,8,15,18,,,,,,,18,16,16
2000-00413-4 Honey Branch of Little Beech Fork,site 1,after construction,0,,,,,,,,,,,,,,,,,
2000-00413-4 Honey Branch of Little Beech Fork,site 2,after construction,0,,,,,,,,,,,,,,,,,
2000-00413-4 Honey Branch of Little Beech Fork,site 1,,1,114,16,8,15,10,10,16,17,,,,,,,8,6,8
2000-00413-4 Honey Branch of Little Beech Fork,site 2,,1,104,12,5,15,7,10,16,18,,,,,,,7,6,8
2000-00413-4 Honey Branch of Little Beech Fork,site 1,,2,,,,,,,,,,,,,,,,,
2000-00413-4 Honey Branch of Little Beech Fork,site 2,,2,,,,,,,,,,,,,,,,,
2000-00413-4 Honey Branch of Little Beech Fork,site 1,,3,142,16,8,15,9,11,16,17,,,,,,,16,18,16
2000-00413-4 Honey Branch of Little Beech Fork,site 2,,3,134,12,6,15,6,12,16,18,,,,,,,16,18,16
2000-00413-4 Honey Branch of Little Beech Fork,site 1,,4,,,,,,,,,,,,,,,,,
2000-00413-4 Honey Branch of Little Beech Fork,site 2,,4,,,,,,,,,,,,,,,,,
2000-00413-4 Honey Branch of Little Beech Fork,site 1,,5,145,16,10,15,10,11,16,17,,,,,,,16,18,16
2000-00413-4 Honey Branch of Little Beech Fork,site 2,,5,140,11,9,14,10,12,16,18,,,,,,,16,16,16
2000-00413-4 Honey Branch of Little Beech Fork,site 1,,6,145,16,10,15,10,11,16,17,,,,,,,16,18,16
2000-00413-4 Honey Branch of Little Beech Fork,site 2,,6,140,11,9,14,10,12,16,18,,,,,,,16,18,16
2000-00413-4 Jade Moore Branch,site 1,after construction,0,,,,,,,,,,,,,,,,,
2000-00413-4 Jade Moore Branch,site 2,after construction,0,,,,,,,,,,,,,,,,,
2000-00413-4 Jade Moore Branch,site 1,,1,92,8,11,14,3,9,16,16,,,,,,,7,4,4
2000-00413-4 Jade Moore Branch,site 2,,1,97,12,10,14,5,9,18,13,,,,,,,8,4,4
2000-00413-4 Jade Moore Branch,site 1,,2,,,,,,,,,,,,,,,,,
2000-00413-4 Jade Moore Branch,site 2,,2,,,,,,,,,,,,,,,,,
2000-00413-4 Jade Moore Branch,site 1,,3,149,13,13,14,12,11,16,16,,,,,,,18,20,16
2000-00413-4 Jade Moore Branch,site 2,,3,143,15,13,14,12,10,18,13,,,,,,,18,16,14
2000-00413-4 Jade Moore Branch,site 1,,4,,,,,,,,,,,,,,,,,
2000-00413-4 Jade Moore Branch,site 2,,4,,,,,,,,,,,,,,,,,
2000-00413-4 Jade Moore Branch,site 1,,5,,,,,,,,,,,,,,,,,
2000-00413-4 Jade Moore Branch,site 2,,5,,,,,,,,,,,,,,,,,
2000-00413-4 Jade Moore Branch,site 1,,6,158,13,15,14,15,15,16,16,,,,,,,18,20,16
2000-00413-4 Jade Moore Branch,site 2,,6,150,15,14,15,15,12,18,13,,,,,,,18,16,14
2000-01161 Pegs Branch,at pond 165,,1,127,,,,,,,,,,,,,,,,
2000-01161 Pegs Branch,upstream of WF,,1,136,,,,,,,,,,,,,,,,
2000-01161 Pegs Branch,at pond 165,summer,2,126,7,5,14,3,13,18,15,,,,,,,16,15,20
2000-01161 Pegs Branch,upstream of WF,summer,2,148,13,12,13,11,16,20,14,,,,,,,14,15,20
2000-01161 Pegs Branch,at pond 165,winter,2,,,,,,,,,,,,,,,,,
2000-01161 Pegs Branch,upstream of WF,winter,2,67,2,10,5,8,16,0,10,,,,,,,10,2,4
2000-01161 Pegs Branch,at pond 165,,3,125,8,3,14,3,14,18,15,,,,,,,14,16,20
2000-01161 Pegs Branch,upstream of WF,,3,79,5,10,8,6,16,2,10,,,,,,,10,4,8
2000-01161 Walnut Fork,upstream of culvert,,1,141,,,,,,,,,,,,,,,,
2000-01161 Walnut Fork,downstream of culvert,,1,147,,,,,,,,,,,,,,,,
2000-01161 Walnut Fork,upstream of culvert,summer,2,146,13,10,15,8,15,20,12,,,,,,,16,17,20
2000-01161 Walnut Fork,downstream of culvert,summer,2,155,13,12,15,12,16,20,16,,,,,,,16,16,19
2000-01161 Walnut Fork,upstream of culvert,winter,2,108,,,,,,,,,,,,,,,,
2000-01161 Walnut Fork,downstream of culvert,winter,2,,,,,,,,,,,,,,,,,
2000-01161 Walnut Fork,upstream of culvert,,3,124,12,10,14,8,16,10,12,,,,,,,14,16,12
2000-01161 Walnut Fork,downstream of culvert,,3,157,15,10,16,10,16,20,16,,,,,,,18,18,18
2001-01307 Stream C,C-5,as-built,0,,,,,,,,,,,,,,,,,
2001-01307 Stream C,C-6,,1,,,,,,,,,,,,,,,,,
2001-01473 Horse Fork,hf4,,1,79,,,,,,,,,,,,,,,,
2001-01473 Horse Fork,mine area,,1,79,,,,,,,,,,,,,,,,
2001-01473 Horse Fork,hf4,,2,83,,,,,,,,,,,,,,,,
2001-01473 Horse Fork Silt Structure 11,ss11,,1,101,,,,,,,,,,,,,,,,
2002-00047-1 Beech Fork Bens Creek,,,1,114,,,,,,,,,,,,,,,,
2002-00047-1 Beech Fork Bens Creek,,,2,134,,,,,,,,,,,,,,,,
2002-00047-1 Beech Fork Bens Creek,,,3,126,,,,,,,,,,,,,,,,
2002-00047-1 Beech Fork Bens Creek,,,4,127,,,,,,,,,,,,,,,,
2002-00264 Adams Fork,,,1,109,,,,,,,,,,,,,,,,
2002-00264 Adams Fork,,,2,110,,,,,,,,,,,,,,,,
2002-00264 Adams Fork,,,3,109,,,,,,,,,,,,,,,,
2002-00264 Adams Fork,,,4,135,,,,,,,,,,,,,,,,
2002-00264 Evans Ferrell Branch,,,1,142,,,,,,,,,,,,,,,,
2002-00264 Evans Ferrell Branch,,baseline,0,148,,,,,,,,,,,,,,,,
2002-00264 Evans Ferrell Branch,,,3,123,,,,,,,,,,,,,,,,
2002-00264 Gilbert Creek,,,1,106,,,,,,,,,,,,,,,,
2002-00264 Horsepen Creek,,,1,107,,,,,,,,,,,,,,,,
2002-00264 Horsepen Creek,,,2,142,,,,,,,,,,,,,,,,
2002-00264 Horsepen Creek,,,3,142,,,,,,,,,,,,,,,,
2002-00264 Horsepen Creek,,,4,,,,,,,,,,,,,,,,,
2002-00265 Cow Creek Left Tributary,,,4,51,,,,,,,,,,,,,,,,
2002-00265 Cow Creek Left Tributary,,dry,3,,,,,,,,,,,,,,,,,
2002-00265 Cow Creek Left Tributary,,dry,2,,,,,,,,,,,,,,,,,
2002-00265 Cow Creek Left Tributary,,dry,1,,,,,,,,,,,,,,,,,
2002-00265 Cow Creek Main Channel,,,4,51,,,,,,,,,,,,,,,,
2002-00265 Cow Creek Main Channel,,dry,3,,,,,,,,,,,,,,,,,
2002-00265 Cow Creek Main Channel,,dry,2,,,,,,,,,,,,,,,,,
2002-00265 Cow Creek Main Channel,,dry,1,,,,,,,,,,,,,,,,,
2002-00265 Cow Creek Natural Drain Way,,,4,51,,,,,,,,,,,,,,,,
2002-00265 Cow Creek Natural Drain Way,,dry,3,,,,,,,,,,,,,,,,,
2002-00265 Cow Creek Natural Drain Way,,dry,2,,,,,,,,,,,,,,,,,
2002-00265 Cow Creek Natural Drain Way,,dry,1,,,,,,,,,,,,,,,,,
2002-01114-1 Sugartree Branch (westridge 2),,existing conditions,0,115,,,,,,,,,,,,,,,,
2002-01114-1 Sugartree Branch (westridge 2),,as built,0,112,,,,,,,,,,,,,,,,
2003-00028 UT to Rockhouse Creek 1,,,1,132,,,,,,,,,,,,,,,,
2003-00028 UT to Rockhouse Creek 1,,,2,134,,,,,,,,,,,,,,,,
2003-00028 UT to Rockhouse Creek 1,,,3,138,,,,,,,,,,,,,,,,
2003-00028 UT to Rockhouse Creek 2,,,1,152,,,,,,,,,,,,,,,,
2003-00028 UT to Rockhouse Creek 2,,,2,150,,,,,,,,,,,,,,,,
2003-00028 UT to Rockhouse Creek 2,,,3,152,,,,,,,,,,,,,,,,
2003-00065 Hewitt Creek,,existing conditions,0,107,,,,,,,,,,,,,,,,
2003-00065 Hewitt Creek,,as-built,0,125,,,,,,,,,,,,,,,,
2003-00643 Little Beech Fork of Beech fork,site 1,,1,,,,,,,,,,,,,,,,,
2003-00643 Little Beech Fork of Beech fork,site 2,,1,,,,,,,,,,,,,,,,,
2003-00643 Little Beech Fork of Beech fork,site 1,,2,164,13,13,20,10,20,18,18,,,,,,,20,18,14
2003-00643 Little Beech Fork of Beech fork,site 2,,2,150,15,8,14,12,18,17,16,,,,,,,18,18,14
2003-00643 Little Beech Fork of Beech fork,site 1,,3,,,,,,,,,,,,,,,,,
2003-00643 Little Beech Fork of Beech fork,site 2,,3,,,,,,,,,,,,,,,,,
2003-00643 Little Beech Fork of Beech fork,site 1,,4,164,13,13,20,10,20,18,18,,,,,,,20,18,14
2003-00643 Little Beech Fork of Beech fork,site 2,,4,148,15,7,14,11,18,17,16,,,,,,,18,18,14
2003-00643 Little Beech Fork of Beech fork,site 1,,5,164,13,13,20,10,20,18,18,,,,,,,20,18,14
2003-00643 Little Beech Fork of Beech fork,site 2,,5,148,15,7,14,11,18,17,16,,,,,,,18,18,14
2003-00818 Long Branch offsite mitigation,,,3,,,,,,,,,,,,,,,,,
2003-00818 Long Branch offsite mitigation,,,3,94,,,,,,,,,,,,,,,,
2003-01379 1st ULT Sugartree Branch,,existing conditions,0,96,,,,,,,,,,,,,,,,
2003-01379 1st ULT Sugartree Branch,,as-built,0,144,,,,,,,,,,,,,,,,
2003-01379 1st ULT Sugartree Branch,HAV1,fall,2,,,,,,,,,,,,,,,,,
2003-01379 1st ULT Sugartree Branch,HAV2,fall,2,,,,,,,,,,,,,,,,,
2003-01379 1st ULT Sugartree Branch,HAV3,fall,2,,,,,,,,,,,,,,,,,
2003-01379 1st ULT Sugartree Branch,HAV6,fall,2,,,,,,,,,,,,,,,,,
2003-01379 1st ULT Sugartree Branch,HAV8,fall,2,,,,,,,,,,,,,,,,,
2003-01379 1st ULT Sugartree Branch,HAV9,fall,2,,,,,,,,,,,,,,,,,
2003-01379 1st ULT Sugartree Branch,HAV10,fall,2,,,,,,,,,,,,,,,,,
2003-01379 5th ULT Sugartree Branch,,existing conditions,0,,,,,,,,,,,,,,,,,
2003-01379 5th ULT Sugartree Branch,,as-built,0,,,,,,,,,,,,,,,,,
2003-01379 5th ULT Sugartree Branch,HAV4,fall,2,,,,,,,,,,,,,,,,,
2003-01379 5th ULT Sugartree Branch,HAV5,fall,2,,,,,,,,,,,,,,,,,
2003-01379 Sugartree Branch (westridge 3),,existing conditions,0,,,,,,,,,,,,,,,,,
2003-01379 Sugartree Branch (westridge 3),,as-built,0,,,,,,,,,,,,,,,,,
2003-01379 Sugartree Branch (westridge 3),HAV7,fall,2,,,,,,,,,,,,,,,,,
2004-00311 Loggy Branch main channel,site 1,,1,108,,,,,,,,,,,,,,,,
2004-00311 Loggy Branch main channel,site 2,,1,101,,,,,,,,,,,,,,,,
2004-00311 Loggy Branch main channel,site 1,,2,109,,,,,,,,,,,,,,,,
2004-00311 Loggy Branch main channel,site 2,,2,125,,,,,,,,,,,,,,,,
2004-00332 Brushy Fork,,,5,127,8,4,13,7,17,14,14,,,,,,,18,16,16
2004-00332 Brushy Fork,,,2,123,8,2,13,5,17,14,14,,,,,,,18,16,16
2004-00332 Right Fork of Daniels Creek,site 1,,5,144,13,11,17,10,14,17,14,,,,,,,16,18,14
2004-00332 Right Fork of Daniels Creek,site 2,,5,135,12,11,15,11,10,16,14,,,,,,,16,14,16
2004-00332 Right Fork of Daniels Creek,site 3,,5,139,11,8,11,15,10,17,15,,,,,,,16,18,18
2004-00332 Right Fork of Daniels Creek,site 1,,4,144,13,11,17,10,14,17,14,,,,,,,16,18,14
2004-00332 Right Fork of Daniels Creek,site 2,,4,135,12,11,15,11,10,16,14,,,,,,,16,14,16
2004-00332 Right Fork of Daniels Creek,site 3,,4,139,11,8,11,15,10,17,15,,,,,,,16,18,18
2004-00332 Right Fork of Daniels Creek,site 1,,2,146,13,13,17,10,14,17,14,,,,,,,16,18,14
2004-00332 Right Fork of Daniels Creek,site 2,,2,136,12,11,15,12,10,16,14,,,,,,,16,14,16
2004-00332 Right Fork of Daniels Creek,site 3,,2,139,11,8,11,15,10,17,15,,,,,,,16,18,18
2004-00464 NWP21 and 2005-00031 IP Rye Cove enhancement reach,1,,5,151,,,,,,,,,,,,,,,,
2004-00464 NWP21 and 2005-00031 IP Rye Cove enhancement reach,2,,5,139,,,,,,,,,,,,,,,,
2004-00464 NWP21 and 2005-00031 IP Rye Cove enhancement reach,3,,5,152,,,,,,,,,,,,,,,,
2004-00464 NWP21 and 2005-00031 IP Rye Cove enhancement reach,4,,5,152,,,,,,,,,,,,,,,,
2004-00464 NWP21 and 2005-00031 IP Rye Cove enhancement reach,1,,1,150,,,,,,,,,,,,,,,,
2004-00464 NWP21 and 2005-00031 IP Rye Cove enhancement reach,2,,1,133,,,,,,,,,,,,,,,,
2004-00464 NWP21 and 2005-00031 IP Rye Cove enhancement reach,3,,1,158,,,,,,,,,,,,,,,,
2004-00464 NWP21 and 2005-00031 IP Rye Cove enhancement reach,4,,1,162,,,,,,,,,,,,,,,,
2004-00464 NWP21 and 2005-00031 IP Rye Cove enhancement reach,1,,3,151,,,,,,,,,,,,,,,,
2004-00464 NWP21 and 2005-00031 IP Rye Cove enhancement reach,2,,3,140,,,,,,,,,,,,,,,,
2004-00464 NWP21 and 2005-00031 IP Rye Cove enhancement reach,3,,3,151,,,,,,,,,,,,,,,,
2004-00464 NWP21 and 2005-00031 IP Rye Cove enhancement reach,4,,3,149,,,,,,,,,,,,,,,,
2004-00464 NWP21 and 2005-00031 IP Rye Cove restoration reach,1,,5,137,,,,,,,,,,,,,,,,
2004-00464 NWP21 and 2005-00031 IP Rye Cove restoration reach,2,,5,133,,,,,,,,,,,,,,,,
2004-00464 NWP21 and 2005-00031 IP Rye Cove restoration reach,3,,5,136,,,,,,,,,,,,,,,,
2004-00464 NWP21 and 2005-00031 IP Rye Cove restoration reach,4,,5,135,,,,,,,,,,,,,,,,
2004-00464 NWP21 and 2005-00031 IP Rye Cove restoration reach,1,,1,129,,,,,,,,,,,,,,,,
2004-00464 NWP21 and 2005-00031 IP Rye Cove restoration reach,2,,1,131,,,,,,,,,,,,,,,,
2004-00464 NWP21 and 2005-00031 IP Rye Cove restoration reach,3,,1,123,,,,,,,,,,,,,,,,
2004-00464 NWP21 and 2005-00031 IP Rye Cove restoration reach,4,,1,118,,,,,,,,,,,,,,,,
2004-00464 NWP21 and 2005-00031 IP Rye Cove restoration reach,1,,3,132,,,,,,,,,,,,,,,,
2004-00464 NWP21 and 2005-00031 IP Rye Cove restoration reach,2,,3,138,,,,,,,,,,,,,,,,
2004-00464 NWP21 and 2005-00031 IP Rye Cove restoration reach,3,,3,143,,,,,,,,,,,,,,,,
2004-00464 NWP21 and 2005-00031 IP Rye Cove restoration reach,4,,3,124,,,,,,,,,,,,,,,,
2004-00464-teh UT Montgomery Creek,,,3,110,,,,,,,,,,,,,,,,
2004-00604 Left Fork Cow Creek,site 1,,1,150,,,,,,,,,,,,,,,,
2004-00604 Left Fork Cow Creek,site 2,,1,135,,,,,,,,,,,,,,,,
2004-00604 Left Fork Cow Creek,site 1,,2,165,,,,,,,,,,,,,,,,
2004-00604 Left Fork Cow Creek,site 2,,2,153,,,,,,,,,,,,,,,,
2004-00658 Bull Creek,site 1,,1,123,,,,,,,,,,,,,,,,
2004-00658 Bull Creek,site 1,,2,99,,,,,,,,,,,,,,,,
2004-00658 Bull Creek,site 1,,3,103,,,,,,,,,,,,,,,,
2004-00658 Bull Creek,site 1,,4,118,,,,,,,,,,,,,,,,
2004-00658 Bull Creek,site 1,,5,118,,,,,,,,,,,,,,,,
2004-00658 Bull Creek,site 2,,1,155,,,,,,,,,,,,,,,,
2004-00658 Bull Creek,site 2,,2,129,,,,,,,,,,,,,,,,
2004-00658 Bull Creek,site 2,,3,168,,,,,,,,,,,,,,,,
2004-00658 Bull Creek,site 2,,4,138,,,,,,,,,,,,,,,,
2004-00658 Bull Creek,site 2,,5,146,,,,,,,,,,,,,,,,
2004-00658 Bull Creek,site 3,,1,149,,,,,,,,,,,,,,,,
2004-00658 Bull Creek,site 3,,2,107,,,,,,,,,,,,,,,,
2004-00658 Bull Creek,site 3,,3,143,,,,,,,,,,,,,,,,
2004-00658 Bull Creek,site 3,,4,124,,,,,,,,,,,,,,,,
2004-00658 Bull Creek,site 3,,5,137,,,,,,,,,,,,,,,,
2004-00658 Bull Creek,site 4,,1,,,,,,,,,,,,,,,,,
2004-00658 Bull Creek,site 4,,2,,,,,,,,,,,,,,,,,
2004-00658 Bull Creek,site 4,,3,,,,,,,,,,,,,,,,,
2004-00658 Bull Creek,site 4,,4,150,,,,,,,,,,,,,,,,
2004-00658 Bull Creek,site 4,,5,137,,,,,,,,,,,,,,,,
2004-00844 Lukey Fork,,existing conditions,0,87,,,,,,,,,,,,,,,,
2004-00844 Lukey Fork,,as-built,0,132,,,,,,,,,,,,,,,,
2004-K0014 UT Russell Prater Creek 1,,,3,145,15,10,10,8,20,18,18,,,,,,,15,16,15
2004-K0014 UT Russell Prater Creek 1,,,2,148,14,16,14,13,17,14,17,,,,,,,14,16,13
2004-K0014 UT Russell Prater Creek 2,,,3,146,13,10,10,10,20,18,18,,,,,,,16,16,15
2004-K0014 UT Russell Prater Creek 2,,,2,164,15,15,18,17,18,17,17,,,,,,,15,16,16
2004-K0023 Laurel Branch RSC4,,,1,166,,,,,,,,,,,,,,,,
2004-K0023 Laurel Branch RSC4,,,2,166,,,,,,,,,,,,,,,,
2004-K0023 Laurel Branch RSC4,,,3,167,,,,,,,,,,,,,,,,
2004-K0023 Laurel Branch RSC4,,,4,173,,,,,,,,,,,,,,,,
2004-K0023 Laurel Branch RSC4,,,5,181,,,,,,,,,,,,,,,,
2005-00290 UT Lick Fork,,pre-mitigation,0,100,8,6,8,9,6,18,18,,,,,,,7,8,12
2005-00290 UT Lick Fork,,as built,0,148,12,15,12,16,14,18,18,,,,,,,14,12,17
2005-00290 UT Lick Fork,,,2,148,14,15,11,17,6,15,18,,,,,,,18,18,16
2005-00290 UT Lick Fork,,,3,170,16,18,14,15,19,19,13,,,,,,,20,16,20
2005-00290 UT Lick Fork,,,4,163,18,16,16,13,14,16,16,,,,,,,16,18,20
2005-00745 Sugarcamp Branch enhancement reach,,,4,148,,,,,,,,,,,,,,,,
2005-00745 Sugarcamp Branch restored reach A,,,4,138,,,,,,,,,,,,,,,,
2005-00745 Sugarcamp Branch restored reach B,,,4,139,,,,,,,,,,,,,,,,
2005-01005 Pond Fork,PF 1,,4,160,18,17,16,16,17,13,17,,,,,,,17,18,11
2005-01005 Pond Fork,PF 2,,4,156,18,17,15,17,18,12,18,,,,,,,15,17,9
2005-01005 Pond Fork2,PF 10-1,,3,161,16,16,16,15,16,12,19,,,,,,,18,18,15
2005-01005 Pond Fork2,PF 10-2,,3,162,17,17,17,17,18,13,16,,,,,,,17,16,14
2005-01315 Preacher Fork - left fork,,,2,120,,,,,,,,,,,,,,,,
2005-1290 UTRPC 1 Lower,,,1,154,,,,,,,,,,,,,,,,
2005-1290 UTRPC 1 Lower,,,2,156,,,,,,,,,,,,,,,,
2005-1290 UTRPC 1 Lower,,,3,156,,,,,,,,,,,,,,,,
2005-1290 UTRPC 1 Lower,,,4,165,16,15,12,14,17,19,18,,,,,,,18,18,18
2005-1290 UTRPC 1 Lower,,,5,165,17,15,13,13,19,18,18,,,,,,,18,18,16
2005-1290 UTRPC 1 Upper,,,1,165,,,,,,,,,,,,,,,,
2005-1290 UTRPC 1 Upper,,,2,139,,,,,,,,,,,,,,,,
2005-1290 UTRPC 1 Upper,,,3,133,11,12,10,11,12,8,17,,,,,,,16,18,18
2005-1290 UTRPC 1 Upper,,,4,113,9,11,6,11,3,8,14,,,,,,,16,18,17
2005-1290 UTRPC 2,,,1,132,,,,,,,,,,,,,,,,
2005-1290 UTRPC 2,,,2,106,,,,,,,,,,,,,,,,
2005-1290 UTRPC 2,,,3,112,9,8,9,6,8,13,9,,,,,,,18,18,14
2005-1290 UTRPC 2,,,4,135,8,8,13,9,18,13,16,,,,,,,18,18,14
2005-1290 UTRPC 2,,,5,134,11,10,10,8,20,18,13,,,,,,,11,18,15
2006-00324 Left Fork of White Oak Creek,AP-2,baseline,0,99,,,,,,,,,,,,,,,,
2006-00324 Left Fork of White Oak Creek,AP-3,baseline,0,99,,,,,,,,,,,,,,,,
2006-00324 Left Fork of White Oak Creek,AP-4,baseline,0,72,,,,,,,,,,,,,,,,
2006-00324 Left Fork of White Oak Creek,AP-5,baseline,0,72,,,,,,,,,,,,,,,,
2006-00324 Left Fork of White Oak Creek,AP-2,as-built,0,115,,,,,,,,,,,,,,,,
2006-00324 Left Fork of White Oak Creek,AP-3,as-built,0,117,,,,,,,,,,,,,,,,
2006-00324 Left Fork of White Oak Creek,AP-4,as-built,0,118,,,,,,,,,,,,,,,,
2006-00324 Left Fork of White Oak Creek,AP-5,as-built,0,118,,,,,,,,,,,,,,,,
2006-00324 Left Fork of White Oak Creek,AP-2,,1,122,,,,,,,,,,,,,,,,
2006-00324 Left Fork of White Oak Creek,AP-3,,1,125,,,,,,,,,,,,,,,,
2006-00324 Left Fork of White Oak Creek,AP-4,,1,121,,,,,,,,,,,,,,,,
2006-00324 Left Fork of White Oak Creek,AP-5,,1,124,,,,,,,,,,,,,,,,
2006-00324 Left Fork of White Oak Creek,PTF 2,pre-existing,0,91,,,,,,,,,,,,,,,,
2006-00324 Left Fork of White Oak Creek,PTF 3,pre-existing,0,89,,,,,,,,,,,,,,,,
2006-00324 Left Fork of White Oak Creek,PTF 4,pre-existing,0,135,,,,,,,,,,,,,,,,
2006-00324 Left Fork of White Oak Creek,PTF 5,pre-existing,0,112,,,,,,,,,,,,,,,,
2006-00324 Left Fork of White Oak Creek,PTF 6,pre-existing,0,121,,,,,,,,,,,,,,,,
2006-00324 Left Fork of White Oak Creek,PTF 7,pre-existing,0,97,,,,,,,,,,,,,,,,
2006-00324 Left Fork of White Oak Creek,PTF 2,,1,152,,,,,,,,,,,,,,,,
2006-00324 Left Fork of White Oak Creek,PTF 3,,1,155,,,,,,,,,,,,,,,,
2006-00324 Left Fork of White Oak Creek,PTF 4,,1,152,,,,,,,,,,,,,,,,
2006-00324 Left Fork of White Oak Creek,PTF 5,,1,135,,,,,,,,,,,,,,,,
2006-00324 Left Fork of White Oak Creek,PTF 6,,1,144,,,,,,,,,,,,,,,,
2006-00324 Left Fork of White Oak Creek,PTF 7,,1,84,,,,,,,,,,,,,,,,
2006-00324 UT Left Fork of White Oak Creek (PTF-1),PTF 1,pre-existing,0,94,,,,,,,,,,,,,,,,
2006-00324 UT Left Fork of White Oak Creek (PTF-1),PTF 1,,1,131,,,,,,,,,,,,,,,,
2006-60-teh Bear Branch,upper reach,pre-mitigation,0,31,4,3,3,4,2,2,4,,,,,,,6,0,3
2006-60-teh Bear Branch,upper reach,,1,120,12,12,10,12,10,13,13,,,,,,,14,14,10
2006-60-teh Bear Branch,upper reach,,2,120,12,12,10,12,12,13,13,,,,,,,14,12,10
2006-60-teh Bear Branch,upper reach,,3,130,13,12,13,13,14,14,13,,,,,,,14,12,12
2006-60-teh Bear Branch,middle reach,pre-mitigation,0,75,4,3,8,3,5,10,8,,,,,,,10,12,12
2006-60-teh Bear Branch,middle reach,,1,110,10,8,11,10,12,14,11,,,,,,,12,12,10
2006-60-teh Bear Branch,middle reach,,2,117,12,10,11,12,12,14,12,,,,,,,12,12,10
2006-60-teh Bear Branch,middle reach,,3,116,11,10,10,11,14,12,12,,,,,,,12,12,12
2006-831 Dill Branch enhancement,,,3,144,,,,,,,,,,,,,,,,
2006-831 Dill Branch restoration,,,3,119,,,,,,,,,,,,,,,,
2008-00068 UT to Stone Coal Creek,,,3,146,13,6,13,8,18,18,18,,,,,,,16,18,16
2008-00068 UT to Stone Coal Creek,,existing,0,96,,,,,,,,,,,,,,,,
2008-00068 UT to Stone Coal Creek,,,1,163,,,,,,,,,,,,,,,,
2008-00068 UT to Stone Coal Creek,,,2,165,,,,,,,,,,,,,,,,
2008-00068 UT to Stone Coal Creek,,,3,146,,,,,,,,,,,,,,,,
2008-2154 KAN Mary Fork,MF 10,baseline,0,100,,,,,,,,,,,,,,,,
2008-2154 KAN Mary Fork,MF 11,baseline,0,79,,,,,,,,,,,,,,,,
2008-2154 KAN Mary Fork,MF 10,as-built,0,155,,,,,,,,,,,,,,,,
2008-2154 KAN Mary Fork,MF 11,as-built,0,136,,,,,,,,,,,,,,,,
unknown5-ICG UT to Clear Fork,Unnamed tributary to clear fork #1,pre-mitigation,0,65,2,2,3,4,2,8,8,,,,,,,12,14,10
unknown5-ICG UT to Clear Fork,Unnamed tributary to clear fork #1,,1,120,12,12,10,12,13,13,12,,,,,,,14,14,10
unknown5-ICG UT to Clear Fork,Unnamed tributary to clear fork #1,,2,122,12,12,10,10,14,13,13,,,,,,,14,14,10
unknown5-ICG UT to Clear Fork,Unnamed tributary to clear fork #1,,3,143,13,13,10,15,16,16,16,,,,,,,12,16,16
unknown5-ICG UT to Clear Fork,Unnamed tributary to clear fork #2,pre-mitigation,0,99,10,8,8,10,9,8,12,,,,,,,10,12,12
unknown5-ICG UT to Clear Fork,Unnamed tributary to clear fork #2,,1,122,12,12,14,13,12,14,13,,,,,,,12,12,8
unknown5-ICG UT to Clear Fork,Unnamed tributary to clear fork #2,,2,124,12,12,14,12,14,13,13,,,,,,,12,12,10
unknown5-ICG UT to Clear Fork,Unnamed tributary to clear fork #2,,3,145,14,14,11,14,17,17,16,,,,,,,16,16,10
unknown5-ICG UT to Clear Fork,Unnamed tributary to clear fork #3,pre-mitigation,0,101,10,11,9,10,9,12,10,,,,,,,10,10,10
unknown5-ICG UT to Clear Fork,Unnamed tributary to clear fork #3,,1,120,12,12,12,14,12,14,12,,,,,,,12,12,10
unknown5-ICG UT to Clear Fork,Unnamed tributary to clear fork #3,,2,121,12,12,12,14,13,14,13,,,,,,,12,12,10
unknown5-ICG UT to Clear Fork,Unnamed tributary to clear fork #3,,3,143,16,15,13,14,16,15,16,,,,,,,14,14,10
unknown8-KeystoneRush UT Rush Creek,M1,as-built condition,0,128,,,,,,,,,,,,,,,,
unknown8-KeystoneRush UT Rush Creek,M2,as-built condition,0,137,,,,,,,,,,,,,,,,
2003-00818 Long Branch offsite mitigation,Long Branch Mitigation area,,4,94,8,12,5,10,8,6,11,,,,,,,16,12,6
2003-00818 Long Branch Pond 9,Pond 9,,2,100,8,8,9,8,10,6,16,,,,,,,16,6,6
2003-00818 Long Branch Pond 9A,Pond 9A,,2,94,9,10,10,10,9,6,16,,,,,,,16,6,6
2003-00818 Long Branch Pond 11,Pond 11,,2,92,9,11,10,8,8,6,16,,,,,,,16,4,4
2000-00413-4 Beech Fork,site 5 lower beech fork,,6,135,19,9,13,7,18,11,12,,,,,,,16,14,16
2000-00413-4 Beech Fork,site 5,,6,135,19,9,13,7,18,11,12,,,,,,,16,14,16
2000-00413-4 Beech Fork,site 6,,6,157,17,13,13,11,15,15,19,,,,,,,18,20,16
2000-00413-4 Beech Fork,site 7,,6,140,15,11,10,11,10,15,18,,,,,,,18,16,16
2004-00332 Brushy Fork,,,6,127,8,4,13,7,17,14,14,,,,,,,18,16,16
2000-00413-4 Honey Branch of Little Beech Fork,site 3,,7,145,16,10,15,10,11,16,17,,,,,,,16,18,16
2000-00413-4 Honey Branch of Little Beech Fork,site 4,,7,140,11,9,14,10,12,16,18,,,,,,,16,18,16
2003-00643 Little Beech Fork of Beech fork,site 1,,6,164,13,13,20,10,20,18,18,,,,,,,20,18,14
2003-00643 Little Beech Fork of Beech fork,site 2,,6,148,15,7,14,11,18,17,16,,,,,,,18,18,14
2005-00746 UT to Big Branch,Site 1,,4,143,11,15,10,13,18,15,13,8,8,8,8,8,8,16,16,16
2005-00746 UT to Big Branch,Site 2,,4,140,13,15,10,15,15,15,13,7,7,7,7,8,8,14,14,16
2005-00746 UT to Big Branch,Site 3,,4,141,15,15,10,14,15,15,13,7,7,7,7,8,8,14,14,16
2005-00746 UT to Big Branch,Site 1,,1,125,,,,,,,,,,,,,,,,
2005-00746 UT to Big Branch,Site 2,,1,131,,,,,,,,,,,,,,,,
2005-00746 UT to Big Branch,Site 3,,1,128,,,,,,,,,,,,,,,,
2005-00746 UT to Big Branch,Site 1,,2,137,,,,,,,,,,,,,,,,
2005-00746 UT to Big Branch,Site 2,,2,127,,,,,,,,,,,,,,,,
2005-00746 UT to Big Branch,Site 3,,2,122,,,,,,,,,,,,,,,,
2005-00746 UT to Big Branch,Site 1,,3,139,,,,,,,,,,,,,,,,
2005-00746 UT to Big Branch,Site 2,,3,133,,,,,,,,,,,,,,,,
2005-00746 UT to Big Branch,Site 3,,3,134,,,,,,,,,,,,,,,,
2006-1320 Whetstone,restoration reach,,5,135,11,11,11,13,15,16,15,6,6,7,7,8,9,12,14,17
2006-1518 UT 1 North Fork Kentucky River,restoration area site 1,,3,131,13,12,10,11,13,13,13,6,6,8,8,9,9,12,16,18
2006-1518 UT 2 North Fork Kentucky River,restoration area site 2,,3,126,11,11,10,12,10,13,13,6,6,8,8,9,9,12,16,18
2006-1518 UT 1 North Fork Kentucky River,restoration area site 1,,1,127,,,,,,,,,,,,,,,,
2006-1518 UT 2 North Fork Kentucky River,restoration area site 2,,1,122,,,,,,,,,,,,,,,,
2006-1518 UT 1 North Fork Kentucky River,restoration area site 1,,2,127,,,,,,,,,,,,,,,,
2006-1518 UT 2 North Fork Kentucky River,restoration area site 2,,2,122,,,,,,,,,,,,,,,,
2005-00745 Sugarcamp Branch enhancement reach,,,6,155,16,16,13,15,15,16,16,7,7,8,8,9,9,14,16,18
2005-00745 Sugarcamp Branch restored reach A,,,6,149,13,16,11,15,15,15,16,7,7,8,8,9,9,14,16,18
2005-00745 Sugarcamp Branch restored reach B,,,6,148,13,15,11,13,16,15,13,9,9,8,8,9,9,18,16,18
2004-00464-teh Hollow Fill 8 Side Drain reconstruction,,,6,123,11,15,8,15,0,8,16,9,9,8,8,9,7,18,16,16
2004-00464-teh Hollow Fill 8 Side Drain reconstruction,,,1,110,,,,,,,,,,,,,,,,
2004-00464-teh Hollow Fill 8 Side Drain reconstruction,,,2,110,,,,,,,,,,,,,,,,
2004-00464-teh Hollow Fill 8 Side Drain reconstruction,,,3,110,,,,,,,,,,,,,,,,
2004-00464-teh Hollow Fill 8 Side Drain reconstruction,,,4,118,,,,,,,,,,,,,,,,
2004-00464-teh Hollow Fill 8 Side Drain reconstruction,,,5,120,,,,,,,,,,,,,,,,
2004-00332 Right Fork of Daniels Creek,site 1 (lower),,6,151,15,13,17,13,14,17,14,,,,,,,16,18,14
2004-00332 Right Fork of Daniels Creek,site 2 (middle),,6,140,13,13,15,13,10,16,14,,,,,,,16,14,16
2004-00332 Right Fork of Daniels Creek,site 3 (upper),,6,139,11,8,11,15,10,17,15,,,,,,,16,18,18
2000-01161 Pegs Branch,at pond 165 above wetland,,4,133,8,5,14,9,14,18,15,,,,,,,14,16,20
2000-01161 Pegs Branch,at pond 165 downstream end,,4,151,16,6,15,7,18,19,14,,,,,,,18,18,20
2000-01161 Pegs Branch,upstream of WF,,4,134,12,12,15,11,17,13,14,,,,,,,14,14,12
2000-01161 Walnut Fork,upstream of culvert,,4,143,15,12,15,10,17,13,14,,,,,,,16,17,14
2000-01161 Walnut Fork,downstream of culvert,,4,159,15,12,16,10,18,20,16,,,,,,,16,18,18
2003-00681 UT Dicks Creek,site 1 (lower),,3,107,10,3,10,2,13,12,15,,,,,,,14,16,12
2003-00681 UT Dicks Creek,site 2 (upper),,3,139,13,11,8,9,9,17,20,,,,,,,20,16,16
2004-00320 UT of Madden Fork,,,1,144,,,,,,,,,,,,,,,,
2004-00320 UT of Madden Fork,,,2,144,,,,,,,,,,,,,,,,
2004-00320 UT of Madden Fork,,,3,143,16,11,14,16,16,19,12,9,7,4,4,8,7,16,8,10
2004-00464-teh Hollow Fill 10 Side Drain reconstruction,,,1,110,,,,,,,,,,,,,,,,
2004-00464-teh Hollow Fill 10 Side Drain reconstruction,,,2,110,,,,,,,,,,,,,,,,
2004-00464-teh Hollow Fill 10 Side Drain reconstruction,,,3,123,11,15,8,13,6,8,15,10,10,8,8,6,5,20,16,11
