mittID,permit_year,permit_year_detail,site,Conductivity_uScm,Lab_Se_mgL,Lab_Se_ugL,Lab_SO4,pH,Flow_gpm,Flow_cfs,TSS_mgL,TDS_ppm,Lab_TDS_mgL,Temp_C,Temp_F,DO_mgL,Lab_Sb_mgL,Lab_As_mgL,Lab_Be_mgL,Lab_Cd_mgL,Lab_Ca_mgL,Lab_Cr_mgL,Lab_Cu_mgL,Lab_Fe-d_mgL,Lab_HARD_mgL,Lab_Pb_mgL,Lab_Mn-d_mgL,Lab_Mg_mgL,Lab_Hg_mgL,Lab_Ni_mgL,Lab_K_mgL,Lab_Se_mgL,Lab_Ag_mgL,Lab_Na_mgL,Lab_Tl_mgL,Lab_Zn_mgL,Lab_Al-d_mgL,Lab_Al_mgL,Lab_Fe_mgL,Lab_Mn_mgL,Acidity,Alkalinity,Lab_Cl_mgL,Lab_CrVI_mgL,Lab_NO3_mgL,Lab_NO2_mgL,Lab_P_mgL,Turbidity_NTU
unknown4-Frasure West Fork of Pond Fork,1,,from the NPDES outlet water quality,73400,,,,8.4,62.7,,10,458,,,,,,,,,,,,,,,,,,,,,,,,,,,,,0,276,,,,,,
unknown4-Frasure West Fork of Pond Fork,2,,from the NPDES outlet water quality,1053.84,,,,8.7,,,6,807,,,,,,,,,,,,,,,,,,,,,,,,,,,,,0,570,,,,,,
unknown4-Frasure West Fork of Pond Fork,3,,from the NPDES outlet water quality,1495.09,,,,8,11.34,,6,941,,,,,,,,,,,,,,,,,,,,,,,,,,,,,0,446,,,,,,
unknown8-KeystoneRush UT Rush Creek,0,"AB, Fall",M1,310,1.9,0,114,5.8,942.9,,2,,212,,38,14,0,0,0,0,24.7,0,0,0.04,140,0,0.64,19.3,0,0.02,3.92,0,0,4.89,0,0.02,0,,,,,,,,,,,
unknown8-KeystoneRush UT Rush Creek,0,"AB, Fall",M2,290,0.8,0,160,6.2,1616.4,,1,,292,,36,12.3,0,0,0,0,43.7,0,0,0.25,208,0,0.59,24.1,0,0.01,3.19,0,0,6.69,0,0.01,0,,,,,,,,,,,
unknown8-KeystoneRush UT Rush Creek,1,Fall,M1,230,,0,84,6.9,750,,1,150,107,,39,12.1,0,0,0,0,19.4,0,0,0.04,105,0,0.07,13.7,0,0,3.06,0,0,4,0,0.01,0.1,,0.36,0.12,,,2,,0.88,0,,
unknown8-KeystoneRush UT Rush Creek,1,Fall,M2,350,,0,113,7.3,1212.3,,1,230,176,,39,12.5,0,0,0,0,35.6,0,0,0.23,175,0,0.38,20.9,0,0.01,3.01,0,0,4.95,0,0.01,0,,0.55,0.46,,,5,,0.59,0,,
unknown8-KeystoneRush UT Rush Creek,2,Fall,M1,489,4.9,0,209,6.8,367.7,,1,350,336,,41,10.1,0,0,0,0,33.8,0,0,0,233,0,0,36.1,0,0.01,4.47,0,0,12,0,0.01,0,,0.29,0.59,,,2.6,,1.46,0.02,,
unknown8-KeystoneRush UT Rush Creek,2,Fall,M2,378,5.6,0.01,149,6.8,1220.7,,2,260,239,,42,10.2,0,0,0,0,26,0,0,0.04,170,0.01,0.5,25.5,0,0.01,3.07,0.01,0,7.15,0,0.01,0,,0.27,0.51,,,4.5,,0.82,0.01,,
unknown8-KeystoneRush UT Rush Creek,3,Fall,M1,1170,7,0.01,603,7.8,231.5,,0,,933,,35,9.3,0,0,0,0,98.1,,0,0,587,0,0.14,83.1,0,0.01,7.7,0.01,0,62.5,0,0,0,,,,0,56.5,9,0,,,0,
unknown8-KeystoneRush UT Rush Creek,3,Fall,M2,1170,3,0,547,7.5,565.7,,0,,870,,35,8.9,0,0,0,0,114,,0,0,607,0,0.78,78.3,0,0.01,5.4,0,0,30.7,0,0,0,,,,0,75.9,13,0,,,0,
unknown8-KeystoneRush UT Rush Creek,4,Fall,M1,1690,6.1,0.01,1050,7.8,,,4,1150,1480,19.2,,8.6,0,0,0,0,155,0,0,,980,0,,144,0,0.01,12,0.01,0,74,0,0,,0,0,0.01,0,60,0,0,0,0,0,
unknown8-KeystoneRush UT Rush Creek,4,Fall,M2,1580,3,0,957,7.63,,,0,1070,1370,19.8,,7.1,0,0,0,0,159,0,0,,949,0,,134,0,0.01,9.9,0,0,47.6,0,0,,0,0.05,0.5,0,72,0,0,0,0,0,
unknown8-KeystoneRush UT Rush Creek,5,Fall,M2,1970,2.1,0,751,8.03,28.2,,7,1004,1300,12.1,,,0,0,0,0,177,0,0,,1010,0,,138,0,0.03,11.9,0,0,28.2,0,0,,0,0,3.98,0,85,21,0,5.3,0,0.04,
unknown8-KeystoneRush UT Rush Creek,5,Fall,M1,2007,4.4,0,888,7.49,307.2,,6,985,1150,12.7,,,0,0,0,0,158,0,0,,831,0,,106,0,0.02,9.2,0,0,23.2,0,0,,0.02,0,1.86,0,76,22,0,4.6,0,0,
unknown8-KeystoneRush UT Rush Creek,6,Fall,M1,1119,2.5,0,539,7.68,1030.51,,0,559,895,12.7,,9.5,0,0,0,0,107,0,0,,663,0,,96.1,0,0.01,6.6,0,0,16.4,0,0,,0,0,0.47,0,58,8,0,1.4,0,0,
unknown8-KeystoneRush UT Rush Creek,6,Fall,M2,654,1.1,0,285,7.64,8291.88,,6,327,508,13.5,,9.1,0,0,0,0,57,0,0,,337,0,,47.2,0,0.04,3.9,0,0,9.8,0,0.04,,0.03,0.05,0.93,0,31,5,0,1.5,0,0,
1999-759-2 and -3 conveyance ditch 1 site B 15-004 UT of Beech Branch,1,,,84,,,12,7.16,,,7,,42,,,,,,,,,,,,,,,,,,,,,,,,0,0.06,0,0,16,34,,,,,,
1999-759-2 and -3 conveyance ditch 1 site B 15-004 UT of Beech Branch,2,,,565,,,230,7.3,,,84,,396,,,,,,,,,,,,,,,,,,,,,,,,0,0.34,0.17,0.01,0,99,,,,,,
1999-759-2 and -3 conveyance ditch 1 site B 15-004 UT of Beech Branch,3,,,,,,,,,,,,,,,,,,,,,,,,,,,,,,,,,,,,,,,,,,,,,,,
1999-759-2 and -3 conveyance ditch 1 site B 15-004 UT of Beech Branch,4,,,334,,,158,7.67,,,4,,238,,,,,,,,,,,,,,,,,,,,,,,,0.58,0.15,0,0,0,71,,,,,,
1999-759-2 and -3 conveyance ditch 1 site B 15-004 UT of Beech Branch,5,,,1340,,,849,8.15,,,3,,1158,,,,,,,,,,,,,,,,,,,,,,,,0,0,0,0,0,171,,,,,,
1999-759-2 and -3 conveyance ditch 2 site B 16-003 Beech Branch,1,,,471,,,74,6.96,,,9,,250,,,,,,,,,,,,,,,,,,,,,,,,0.09,0.39,0.12,0,0,190,,,,,,
1999-759-2 and -3 conveyance ditch 2 site B 16-003 Beech Branch,2,,,265,,,129,7.27,,,4,,186,,,,,,,,,,,,,,,,,,,,,,,,0,0,0.03,0,0,39,,,,,,
1999-759-2 and -3 conveyance ditch 2 site B 16-003 Beech Branch,3,,,,,,,,,,,,,,,,,,,,,,,,,,,,,,,,,,,,,,,,,,,,,,,
1999-759-2 and -3 conveyance ditch 2 site B 16-003 Beech Branch,4,,,331,,,152,7.58,,,4,,284,,,,,,,,,,,,,,,,,,,,,,,,0,0.32,0.04,0,0,77,,,,,,
1999-759-2 and -3 conveyance ditch 2 site B 16-003 Beech Branch,5,,,1430,,,940,8.08,,,33,,1228,,,,,,,,,,,,,,,,,,,,,,,,0,0,0,0,0,157,,,,,,
2000-00413-4 Beech Fork,0,after construction,site 1,1230,,,,7.74,,,,,,23,,7.8,,,,,,,,,,,,,,,,,,,,,,,,,,,,,,,,0.8
2000-00413-4 Beech Fork,0,after construction,site 2,1114,,,,7.78,,,,,,23,,8,,,,,,,,,,,,,,,,,,,,,,,,,,,,,,,,0.3
2000-00413-4 Beech Fork,0,after construction,site 3,1310,,,,7.61,,,,,,24,,8.1,,,,,,,,,,,,,,,,,,,,,,,,,,,,,,,,0.3
2000-00413-4 Beech Fork,1,,site 1,1120,,,,7.42,,,,,,21,,8.2,,,,,,,,,,,,,,,,,,,,,,,,,,,,,,,,8
2000-00413-4 Beech Fork,1,,site 2,1159,,,,7.17,,,,,,20,,8,,,,,,,,,,,,,,,,,,,,,,,,,,,,,,,,6
2000-00413-4 Beech Fork,1,,site 3,1016,,,,7.19,,,,,,22,,7.7,,,,,,,,,,,,,,,,,,,,,,,,,,,,,,,,2
2000-00413-4 Beech Fork,2,,site 1,1330,,,,7.67,,4.9,,,,24,,8,,,,,,,,,,,,,,,,,,,,,,,,,,,,,,,,13
2000-00413-4 Beech Fork,2,,site 2,1260,,,,7.11,,2.95,,,,27,,8.6,,,,,,,,,,,,,,,,,,,,,,,,,,,,,,,,8
2000-00413-4 Beech Fork,2,,site 3,1130,,,,7.71,,2.12,,,,25,,7.9,,,,,,,,,,,,,,,,,,,,,,,,,,,,,,,,2
2000-00413-4 Beech Fork,3,,site 1,1482,,,,8.15,,4.8,,,,22.8,,7.28,,,,,,,,,,,,,,,,,,,,,,,,,,,,,,,,21
2000-00413-4 Beech Fork,3,,site 2,1336,,,,8.26,,2.51,,,,26.7,,8.26,,,,,,,,,,,,,,,,,,,,,,,,,,,,,,,,13
2000-00413-4 Beech Fork,3,,site 3,1155,,,,8.31,,1.51,,,,21.6,,8.14,,,,,,,,,,,,,,,,,,,,,,,,,,,,,,,,5
2000-00413-4 Beech Fork,4,,site 1,910,,,,8.37,,7.04,,,,13.55,,7.29,,,,,,,,,,,,,,,,,,,,,,,,,,,,,,,,48
2000-00413-4 Beech Fork,4,,site 2,836,,,,8.45,,5.28,,,,13.51,,7.52,,,,,,,,,,,,,,,,,,,,,,,,,,,,,,,,32
2000-00413-4 Beech Fork,4,,site 3,761,,,,8.48,,3.84,,,,13.19,,7.26,,,,,,,,,,,,,,,,,,,,,,,,,,,,,,,,7
2000-00413-4 Beech Fork,5,,site 1,1436,,,,8.29,,10.07,,,,11.12,,6.91,,,,,,,,,,,,,,,,,,,,,,,,,,,,,,,,10
2000-00413-4 Beech Fork,5,,site 2,1282,,,,8.49,,4.67,,,,10.8,,7.27,,,,,,,,,,,,,,,,,,,,,,,,,,,,,,,,10
2000-00413-4 Beech Fork,5,,site 3,1138,,,,8.42,,2.75,,,,11.5,,7.19,,,,,,,,,,,,,,,,,,,,,,,,,,,,,,,,4
2000-00413-4 Honey Branch of Little Beech Fork,0,,site 1,945,,,,,,,,,,,,,,,,,,,,,,,,,,,,,,,,,,,,,,,,,,,,
2000-00413-4 Honey Branch of Little Beech Fork,0,,site 2,1195,,,,,,,,,,,,,,,,,,,,,,,,,,,,,,,,,,,,,,,,,,,,
2000-00413-4 Honey Branch of Little Beech Fork,1,,site 1,945,,,,7.43,0.61,,,,,23,,7.6,,,,,,,,,,,,,,,,,,,,,,,,,,,,,,,,16
2000-00413-4 Honey Branch of Little Beech Fork,1,,site 2,1195,,,,7.68,0.67,,,,,21,,8.2,,,,,,,,,,,,,,,,,,,,,,,,,,,,,,,,2
2000-00413-4 Honey Branch of Little Beech Fork,2,,site 1,932,,,,,,,,,,,,,,,,,,,,,,,,,,,,,,,,,,,,,,,,,,,,
2000-00413-4 Honey Branch of Little Beech Fork,2,,site 2,980,,,,,,,,,,,,,,,,,,,,,,,,,,,,,,,,,,,,,,,,,,,,
2000-00413-4 Honey Branch of Little Beech Fork,3,,site 1,745,,,,6.92,0.95,,,,,31,,9.6,,,,,,,,,,,,,,,,,,,,,,,,,,,,,,,,2
2000-00413-4 Honey Branch of Little Beech Fork,3,,site 2,808,,,,6.74,0.78,,,,,29.5,,9.2,,,,,,,,,,,,,,,,,,,,,,,,,,,,,,,,5
2000-00413-4 Honey Branch of Little Beech Fork,4,,site 1,856,,,,8.17,1.31,,,,,28.5,,8.66,,,,,,,,,,,,,,,,,,,,,,,,,,,,,,,,7
2000-00413-4 Honey Branch of Little Beech Fork,4,,site 2,808,,,,8.04,0.98,,,,,24,,9.14,,,,,,,,,,,,,,,,,,,,,,,,,,,,,,,,11
2000-00413-4 Honey Branch of Little Beech Fork,5,,site 1,582,,,,8.22,2.35,,,,,13.48,,7.15,,,,,,,,,,,,,,,,,,,,,,,,,,,,,,,,4
2000-00413-4 Honey Branch of Little Beech Fork,5,,site 2,658,,,,8.2,0.98,,,,,13.41,,7.07,,,,,,,,,,,,,,,,,,,,,,,,,,,,,,,,2
2000-00413-4 Honey Branch of Little Beech Fork,6,,site 1,645,,,,7.92,7.16,,,,,12.5,,5.48,,,,,,,,,,,,,,,,,,,,,,,,,,,,,,,,10
2000-00413-4 Honey Branch of Little Beech Fork,6,,site 2,617,,,,8.01,5.67,,,,,12.2,,5.12,,,,,,,,,,,,,,,,,,,,,,,,,,,,,,,,13
2000-00413-4 Jade Moore Branch,0,after construction,site 1,1290,,,,,,,,,,,,,,,,,,,,,,,,,,,,,,,,,,,,,,,,,,,,
2000-00413-4 Jade Moore Branch,0,after construction,site 2,1380,,,,7.17,,,,,,19.7,,9.9,,,,,,,,,,,,,,,,,,,,,,,,,,,,,,,,6.4
2000-00413-4 Jade Moore Branch,1,,site 1,165,,,,7.45,,0.33,,,,23,,6.4,,,,,,,,,,,,,,,,,,,,,,,,,,,,,,,,57
2000-00413-4 Jade Moore Branch,1,,site 2,130,,,,7.24,,0.27,,,,25,,7.1,,,,,,,,,,,,,,,,,,,,,,,,,,,,,,,,7
2000-00413-4 Jade Moore Branch,2,,site 1,142,,,,7.94,,,,,,26.5,,5.9,,,,,,,,,,,,,,,,,,,,,,,,,,,,,,,,10
2000-00413-4 Jade Moore Branch,2,,site 2,112,,,,7.56,,,,,,24,,6.3,,,,,,,,,,,,,,,,,,,,,,,,,,,,,,,,2
2000-00413-4 Jade Moore Branch,3,,site 1,130,,,,6.2,,0.28,,,,23.1,,7.7,,,,,,,,,,,,,,,,,,,,,,,,,,,,,,,,13
2000-00413-4 Jade Moore Branch,3,,site 2,102,,,,6.32,,0.2,,,,21.9,,6.9,,,,,,,,,,,,,,,,,,,,,,,,,,,,,,,,10
2000-00413-4 Jade Moore Branch,4,,site 1,186,,,,7.86,,0.17,,,,22.1,,8.21,,,,,,,,,,,,,,,,,,,,,,,,,,,,,,,,9
2000-00413-4 Jade Moore Branch,4,,site 2,163,,,,7.93,,0.12,,,,21.4,,7.93,,,,,,,,,,,,,,,,,,,,,,,,,,,,,,,,6
2000-00413-4 Jade Moore Branch,5,,site 1,146,,,,7.06,,,,,,15.8,,8.1,,,,,,,,,,,,,,,,,,,,,,,,,,,,,,,,22
2000-00413-4 Jade Moore Branch,5,,site 2,114,,,,7.12,,,,,,16.3,,7.89,,,,,,,,,,,,,,,,,,,,,,,,,,,,,,,,10
2000-00413-4 Jade Moore Branch,6,,site 1,170,,,,7.48,,1.18,,,,13.3,,6.58,,,,,,,,,,,,,,,,,,,,,,,,,,,,,,,,7
2000-00413-4 Jade Moore Branch,6,,site 2,152,,,,7.68,,0.98,,,,13.62,,7.01,,,,,,,,,,,,,,,,,,,,,,,,,,,,,,,,19
2000-01161 Pegs Branch,3,May,at pond 165 downstream,448,,,,5.47,,,,,,21.4,,7.7,,,,,,,,,,,,,,,,,,,,,,,,,,,,,,,,
2000-01161 Pegs Branch,3,May,at pond 165 downstream,470,,,,5.71,,,,,,20.6,,7.6,,,,,,,,,,,,,,,,,,,,,,,,,,,,,,,,
2000-01161 Pegs Branch,3,May,upstream of WF,1077,,,,6.32,,,,,,21.9,,8,,,,,,,,,,,,,,,,,,,,,,,,,,,,,,,,
2000-01161 Pegs Branch,3,May,confluence,671,,,,6.61,,,,,,22,,7.8,,,,,,,,,,,,,,,,,,,,,,,,,,,,,,,,
2000-01161 Walnut Fork,3,May,above confluence with Pegs,538,,,,7.01,,,,,,21.6,,8,,,,,,,,,,,,,,,,,,,,,,,,,,,,,,,,
2000-01161 Walnut Fork,3,May,downstream of culvert,679,,,,6.08,,,,,,25.9,,8,,,,,,,,,,,,,,,,,,,,,,,,,,,,,,,,
2000-01161 Pegs Branch,3,November,at pond 165,444,,,,7.92,,,,,,5.2,,6.5,,,,,,,,,,,,,,,,,,,,,,,,,,,,,,,,
2000-01161 Pegs Branch,3,November,at pond 165,468,,,,8.1,,,,,,6,,7.2,,,,,,,,,,,,,,,,,,,,,,,,,,,,,,,,
2000-01161 Pegs Branch,3,November,upstream of WF,1070,,,,8.54,,,,,,5.1,,10.1,,,,,,,,,,,,,,,,,,,,,,,,,,,,,,,,
2000-01161 Pegs Branch,3,November,confluence,693,,,,8.41,,,,,,4.6,,9.1,,,,,,,,,,,,,,,,,,,,,,,,,,,,,,,,
2000-01161 Walnut Fork,3,November,above confluence with Pegs,548,,,,8.5,,,,,,4.6,,9.6,,,,,,,,,,,,,,,,,,,,,,,,,,,,,,,,
2000-01161 Walnut Fork,3,November,downstream of culvert,718,,,,8.67,,,,,,5.8,,9,,,,,,,,,,,,,,,,,,,,,,,,,,,,,,,,
2000-01161 Pegs Branch,2,June,at pond 165,346,,,,8.1,,,,,,17,,7,,,,,,,,,,,,,,,,,,,,,,,,,,,,,,,,
2000-01161 Pegs Branch,2,June,at pond 165,422,,,,8,,,,,,16,,6.9,,,,,,,,,,,,,,,,,,,,,,,,,,,,,,,,
2000-01161 Pegs Branch,2,June,upstream of WF,939,,,,8.8,,,,,,16.2,,9.2,,,,,,,,,,,,,,,,,,,,,,,,,,,,,,,,
2000-01161 Pegs Branch,2,June,confluence,657,,,,8.5,,,,,,17.2,,9.2,,,,,,,,,,,,,,,,,,,,,,,,,,,,,,,,
2000-01161 Walnut Fork,2,June,above confluence with Pegs,496,,,,8.5,,,,,,17.7,,8.9,,,,,,,,,,,,,,,,,,,,,,,,,,,,,,,,
2000-01161 Walnut Fork,2,June,downstream of culvert,635,,,,8.8,,,,,,17.5,,9.3,,,,,,,,,,,,,,,,,,,,,,,,,,,,,,,,
2000-01161 Pegs Branch,2,November,at pond 165,234,,,,6.9,,,,,,9.8,,7.1,,,,,,,,,,,,,,,,,,,,,,,,,,,,,,,,
2000-01161 Pegs Branch,2,November,at pond 165,245,,,,6.9,,,,,,9.6,,7.2,,,,,,,,,,,,,,,,,,,,,,,,,,,,,,,,
2000-01161 Pegs Branch,2,November,upstream of WF,400,,,,6.6,,,,,,9.9,,8.1,,,,,,,,,,,,,,,,,,,,,,,,,,,,,,,,
2000-01161 Pegs Branch,2,November,confluence,361,,,,7.2,,,,,,9.8,,7.8,,,,,,,,,,,,,,,,,,,,,,,,,,,,,,,,
2000-01161 Walnut Fork,2,November,above confluence with Pegs,284,,,,6.9,,,,,,9.8,,8,,,,,,,,,,,,,,,,,,,,,,,,,,,,,,,,
2000-01161 Walnut Fork,2,November,downstream of culvert,289,,,,6.9,,,,,,9.8,,7.2,,,,,,,,,,,,,,,,,,,,,,,,,,,,,,,,
2000-01161 Pegs Branch,1,,downstream end of Pegs,517,,,,6.54,,,,,,4.7,,12.14,,,,,,,,,,,,,,,,,,,,,,,,,,,,,,,,
2000-01161 Pegs Branch,1,,confluence,900,,,,6.65,,,,,,6.4,,12.27,,,,,,,,,,,,,,,,,,,,,,,,,,,,,,,,
2000-01161 Walnut Fork,1,,downstream end of WF,923,,,,6.73,,,,,,8.2,,11.92,,,,,,,,,,,,,,,,,,,,,,,,,,,,,,,,
2001-01473 Horse Fork,2,,mine area,190,,,,,,,,,,,,,,,,,,,,,,,,,,,,,,,,,,,,,,,,,,,,
2002-01114-1 Sugartree Branch (westridge 2),5,spring,downstream,1676,11.7,0.01,644,8.49,,,4,,1320,14.7,,9.3,,,,,,,,,,,,187,,,,,,,,,,0,0.02,0.03,0,355,,,,,,
2002-01114-1 Sugartree Branch (westridge 2),5,fall,downstream,1414,8.7,0.01,612,8.23,,,3,,1380,18.2,,8,,,,,,,,,,,,152,,,,,,,,,,0,0.03,0.03,0,318,,,,,,
2002-01114-1 Sugartree Branch (westridge 2),5,spring,upstream,1870,13.9,0.01,716,8.29,,,7,,1480,16.5,,9.5,,,,,,,,,,,,193,,,,,,,,,,0,0.02,0.03,0,419,,,,,,
2002-01114-1 Sugartree Branch (westridge 2),5,fall,upstream,1573,10.7,0.01,705,8.08,,,0,,1600,19.2,,7.9,,,,,,,,,,,,180,,,,,,,,,,0,0.03,0.02,0,379,,,,,,
2002-01114-1 Sugartree Branch (westridge 2),4,spring,downstream,1170,11,0.01,438,8.34,,,10,,828,16.3,,7.7,,,,,,,,0,,,0.05,133,,,,,,,,,0,,0.09,0.06,0,273,,,,,,
2002-01114-1 Sugartree Branch (westridge 2),4,fall,upstream,1337,7.3,0.01,520,8.05,,,10,,1185,17,,7.6,,,,,,,,0,,,0.04,159,,,,,,,,,0,,0.1,0.04,0,323,,,,,,
2002-01114-1 Sugartree Branch (westridge 2),4,fall,downstream,1474,6.4,0.01,548,8.5,,,3,,1174,15.9,,9.1,,,,,,,,0.03,,,0.01,141,,,,,,,,,0,,0.09,0.03,0,270,,,,,,
2002-01114-1 Sugartree Branch (westridge 2),4,fall,upstream,1724,8,0.01,704,8.34,,,7,,1218,16.6,,8.7,,,,,,,,0,,,0.05,170,,,,,,,,,0,,0.15,0.06,0,344,,,,,,
2002-01114-1 Sugartree Branch (westridge 2),3,,,1234,15.8,0.02,540,7.88,,,2,,1014,19.2,,9,,,,,,,,0,,,0.07,116,,,,,,,,,0,,0.09,0.08,0,282,,,,,,
2002-01114-1 Sugartree Branch (westridge 2),3,,,1480,8.1,0.01,632,8.3,,,5,,1231,14.98,,8.3,,,,,,,,0,,,0.02,157,,,,,,,,,0,,0,0.03,0,309,,,,,,
2002-01114-1 Sugartree Branch (westridge 2),2,,,1560,16.8,0.02,642,7.9,,,2,,1236,20,,8.8,,,,,,,,0,,,0.32,143,,,,,,,,,0,,0.12,0.04,0,303,,,,,,
2002-01114-1 Sugartree Branch (westridge 2),1,,,1345,22,0.02,505,8.13,,,0,,992,9.66,,11.78,,,,,,,,0.02,,,0.1,125,,,,,,,,,0,0.04,0.12,0.1,0,238,,,,,,
2005-01314 Pace Branch restoration,2,,,130,,,,,,,,,,,,,,,,,,,,,,,,,,,,,,,,,,,,,,,,,,,,
2005-01314 Pace Branch restoration,1,,,125,,,,,,,,,,,,,,,,,,,,,,,,,,,,,,,,,,,,,,,,,,,,
2006-831 Dill Branch enhancement,5,,,270,,,,,,,,,,,,,,,,,,,,,,,,,,,,,,,,,,,,,,,,,,,,
2006-831 Dill Branch restoration,5,,,270,,,,,,,,,,,,,,,,,,,,,,,,,,,,,,,,,,,,,,,,,,,,
2006-831 Dill Branch enhancement,2,,,205,,,,,,,,,,,,,,,,,,,,,,,,,,,,,,,,,,,,,,,,,,,,
2006-831 Dill Branch restoration,2,,,205,,,,,,,,,,,,,,,,,,,,,,,,,,,,,,,,,,,,,,,,,,,,
2004-00464 NWP21 and 2005-00031 IP Rye Cove enhancement reach,5,,,115,,,,,,,,,,,,,,,,,,,,,,,,,,,,,,,,,,,,,,,,,,,,
2004-00464 NWP21 and 2005-00031 IP Rye Cove restoration reach,5,,,115,,,,,,,,,,,,,,,,,,,,,,,,,,,,,,,,,,,,,,,,,,,,
2005-01101 Reach A,3,,,428,,,,,,,,,,,,,,,,,,,,,,,,,,,,,,,,,,,,,,,,,,,,
2005-01101 Reach C,3,,,432,,,,,,,,,,,,,,,,,,,,,,,,,,,,,,,,,,,,,,,,,,,,
2005-01101 Reach B,3,,,425,,,,,,,,,,,,,,,,,,,,,,,,,,,,,,,,,,,,,,,,,,,,
2005-V2168 Cane Creek  ,4,,,1106,,,534,8.3,,,27,,872,,,,,,,,,,,,,,,,,,,,,,,,,,1.2,0.05,0,102,,,,,,
2005-V2168 Left Fork,3,,,916,,,442,7.9,,,10,,736,,,,,,,,,,,,,,,,,,,,,,,,,,0.41,0.1,0,89,,,,,,
2003-00065 Hewitt Creek,5,spring downstream,downstream,700,,0,320,8.1,,,10,,501,11.8,,9.1,,,,,,,,0.03,,,0.04,55.2,,,,0,,,,,0,,,,0,45,,,,,,
2003-00065 Hewitt Creek,5,fall downstream,downstream,796,,0,274,7.65,,,5,,516,16.2,,7.6,,,,,,,,0.03,,,0.1,45.1,,,,0,,,,,0,,,,0,82,,,,,,
2003-00065 Hewitt Creek,5,spring mid,mid,608,,0,263,8.4,,,3,,418,12,,9.5,,,,,,,,0.04,,,0.04,43.9,,,,0,,,,,0,,,,0,46,,,,,,
2003-00065 Hewitt Creek,5,fall mid,mid,601,,0,273,7.87,,,5,,515,17.6,,7.7,,,,,,,,0.03,,,0.03,45.6,,,,0,,,,,0,,,,0,76,,,,,,
2003-00065 Hewitt Creek,5,spring upstream,upstream,612,,0,261,8.01,,,4,,421,12.2,,9.6,,,,,,,,0.05,,,0.06,43.6,,,,0,,,,,0,,,,0,47,,,,,,
2003-00065 Hewitt Creek,5,fall upstream,upstream,616,,0,400,7.85,,,0,,712,18.4,,7.2,,,,,,,,0.07,,,0.05,69.7,,,,0,,,,,0.03,,,,0,80,,,,,,
2003-00065 Hewitt Creek,4,spring downstream,downstream,498,,0,248,7.36,,,2,,343,19.2,,7.6,,,,,,,,0,,,0.03,42.4,,,,0,,,,,0,,0.16,0.04,0,35,,,,,,
2003-00065 Hewitt Creek,4,fall downstream,downstream,758,,0,328,8.05,,,2,,535,17.3,,8.9,,,,,,,,0,,,0.04,52,,,,0,,,,,0,,0.09,0.05,0,77,,,,,,
2003-00065 Hewitt Creek,4,spring mid,mid,409,,0,186,7.46,,,3,,289,18.9,,7.7,,,,,,,,0,,,0.03,31.5,,,,0,,,,,0,,0.26,0.05,0,34,,,,,,
2003-00065 Hewitt Creek,4,fall mid,mid,595,,0,228,7.97,,,0,,400,17.7,,9,,,,,,,,0,,,0.03,36.9,,,,0,,,,,0,,0.12,0.04,0,72,,,,,,
2003-00065 Hewitt Creek,4,spring upstream,upstream,398,,0,177,7.48,,,3,,282,19,,7.9,,,,,,,,0,,,0.05,30.5,,,,0,,,,,0,,0.27,0.07,0,36,,,,,,
2003-00065 Hewitt Creek,4,fall upstream,upstream,619,,0,234,8.08,,,3,,432,19.7,,9,,,,,,,,0,,,0.08,36.9,,,,0,,,,,0,,0.15,0.09,0,75,,,,,,
2003-00065 Hewitt Creek,3,spring downstream,downstream,770,,0,369,8,,,2,,519,17.3,,8,,,,,,,,0,,,0.04,45.3,,,,0,,,,,0,,0.24,0.06,0,48,,,,,,
2003-00065 Hewitt Creek,3,fall downstream,downstream,820,,0,337,7.98,,,2,,593,15.1,,,,,,,,,,0,,,0.01,54.3,,,,0,,,,,0,,0,0.02,0,87,,,,,,
2003-00065 Hewitt Creek,3,spring mid,mid,660,,0,293,8,,,2,,421,17.6,,9.1,,,,,,,,0,,,0.04,35.3,,,,0,,,,,0,,0.14,0.05,0,49,,,,,,
2003-00065 Hewitt Creek,3,fall mid,mid,660,,0,250,8.05,,,2,,413,14.4,,,,,,,,,,0,,,0.02,38.9,,,,0,,,,,0,,0,0.03,0,78,,,,,,
2003-00065 Hewitt Creek,3,spring upstream,upstream,573,,0,270,5.9,,,7,,396,,,,,,,,,,,0,,,0.06,35.3,,,,0,,,,,0,,1.8,0.2,0,53,,,,,,
2003-00065 Hewitt Creek,3,fall upstream,upstream,679,,0,257,7.99,,,0,,531,15.1,,,,,,,,,,0,,,0.05,39.4,,,,0,,,,,0,,0,0.06,0,78,,,,,,
2003-00065 Hewitt Creek,2,downstream,downstream,780,,0,395,7.7,,,2,,612,17.8,,7.9,,,,,,,,0,,,0.01,55.2,,,,0,,,,,0,,0.09,0.04,0,39,,,,,,
2003-00065 Hewitt Creek,2,mid,mid,670,,0,306,7.6,,,1,,466,20,,8.4,,,,,,,,0,,,0.05,42.8,,,,0,,,,,0,,0.18,0.06,0,43,,,,,,
2003-00065 Hewitt Creek,2,upstream,upstream,690,,0,320,7.6,,,3,,540,18.9,,8.5,,,,,,,,0,,,0.06,44.8,,,,0,,,,,0,,0.2,0.07,0,47,,,,,,
2003-00065 Hewitt Creek,1,downstream,downstream,740,,0,346,7.76,,,0,,536,14.38,,10.31,,,,,,,,0.02,,,0.04,60.5,,,,0,,,,,0.02,0.1,0.2,0.05,0,34.4,,,,,,
2003-00065 Hewitt Creek,1,mid,mid,637,,0,282,7.59,,,10,,451,7.38,,10.4,,,,,,,,0.03,,,0.05,48.9,,,,0,,,,,0.02,0.08,0.16,0.06,0,37.7,,,,,,
2003-00065 Hewitt Creek,1,upstream,upstream,684,,0,300,7.62,,,5,,482,8.1,,12.22,,,,,,,,0.03,,,0.05,52,,,,0,,,,,0,0.08,0.19,0.06,0,40.2,,,,,,
2003-00643 Little Beech Fork of Beech fork,1,,site 1,1335,,,,,,,,,,,,,,,,,,,,,,,,,,,,,,,,,,,,,,,,,,,,
2003-00643 Little Beech Fork of Beech fork,1,,site 2,1464,,,,,,,,,,,,,,,,,,,,,,,,,,,,,,,,,,,,,,,,,,,,
2003-00643 Little Beech Fork of Beech fork,2,,site 1,1443,,,,7.39,,9.45,,,,25,,9.7,,,,,,,,,,,,,,,,,,,,,,,,,,,,,,,,5
2003-00643 Little Beech Fork of Beech fork,2,,site 2,1477,,,,7.13,,5.57,,,,29.5,,8.7,,,,,,,,,,,,,,,,,,,,,,,,,,,,,,,,2
2003-00643 Little Beech Fork of Beech fork,3,,site 1,1504,,,,,,,,,,,,,,,,,,,,,,,,,,,,,,,,,,,,,,,,,,,,
2003-00643 Little Beech Fork of Beech fork,3,,site 2,1496,,,,,,,,,,,,,,,,,,,,,,,,,,,,,,,,,,,,,,,,,,,,
2003-00643 Little Beech Fork of Beech fork,4,,site 1,1156,,,,8.2,,12.9,,,,14.08,,7.26,,,,,,,,,,,,,,,,,,,,,,,,,,,,,,,,3
2003-00643 Little Beech Fork of Beech fork,4,,site 2,1259,,,,8.15,,9.56,,,,14.05,,7.15,,,,,,,,,,,,,,,,,,,,,,,,,,,,,,,,7
2003-00643 Little Beech Fork of Beech fork,5,,site 1,1328,,,,7.6,,14.79,,,,11.63,,8.05,,,,,,,,,,,,,,,,,,,,,,,,,,,,,,,,14
2003-00643 Little Beech Fork of Beech fork,5,,site 2,1401,,,,7.73,,8.37,,,,11.52,,7.76,,,,,,,,,,,,,,,,,,,,,,,,,,,,,,,,22
2005-00290 UT Lick Fork,0,,,46.7,,,,,,,,,,,,,,,,,,,,,,,,,,,,,,,,,,,,,,,,,,,,
2005-00290 UT Lick Fork,1,,,44.5,,,,,,,,,,,,,,,,,,,,,,,,,,,,,,,,,,,,,,,,,,,,
2005-00290 UT Lick Fork,2,,,,,,,,,,,,,,,,,,,,,,,,,,,,,,,,,,,,,,,,,,,,,,,
2005-00290 UT Lick Fork,3,,,34,,,,,,,,,,,,,,,,,,,,,,,,,,,,,,,,,,,,,,,,,,,,
2005-00290 UT Lick Fork,4,,,134.9,,,,,,,,,,,,,,,,,,,,,,,,,,,,,,,,,,,,,,,,,,,,
2004-K0023 Laurel Branch RSC4,0,2004 sampling,,639,,,198,7.63,,,5,,425,,,,,,,,,,,,,,,,,,,,,,,,,,0.48,0.04,0,102,,,,,,
2004-K0023 Laurel Branch RSC4,1,,,729,,,241,7.41,,,5,,503,,,,,,,,,,,,,,,,,,,,,,,,,,0.17,0.04,0,113,,,,,,
2004-K0023 Laurel Branch RSC4,2,,,768,,,267,7.6,,,9,,510,,,,,,,,,,,,,,,,,,,,,,,,,,0.14,0.02,0,103,,,,,,
2004-K0023 Laurel Branch RSC4,3,,,725,,,291,7.3,,,0,,490,,,,,,,,,,,,,,,,,,,,,,,,,,0.34,0.4,0,97,,,,,,
2004-K0023 Laurel Branch RSC4,4,,,452,,,174,7.9,,,6,,420,,,,,,,,,,,,,,,,,,,,,,,,,,0.17,0.02,0,83,,,,,,
2004-K0023 Laurel Branch RSC4,5,,,543,,,136,7.6,,,8,,402,,,,,,,,,,,,,,,,,,,,,,,,,,0.16,0.01,0,121,,,,,,
2004-K0014 UT Russell Prater Creek 1,3,,,1660,,,767,7.9,,,9,,1430,,,,,,,,,,,,,,,,,,,,,,,,,,0.2,0,0,197,,,,,,
2004-K0014 UT Russell Prater Creek 2,3,,,1520,,,702,7.6,,,35,,1322,,,,,,,,,,,,,,,,,,,,,,,,,,0.93,0.24,0,100,,,,,,
2004-K0014 UT Russell Prater Creek 1,2,,,1299,,,634,8.2,,,5,,998,,,,,,,,,,,,,,,,,,,,,,,,,,0.16,0.02,0,136,,,,,,
2004-K0014 UT Russell Prater Creek 2,2,,,1386,,,762,7.8,,,14,,1094,,,,,,,,,,,,,,,,,,,,,,,,,,0.18,0.03,0,58,,,,,,
2006-00324 UT Left Fork of White Oak Creek (PTF-1),4,,PTF 1,1892,25.9,0.03,1050,7.81,394.97,,4,945,2090,14.2,,8.7,0,0,0,0,257,0,0,0,1390,0,0.07,181,0,0.01,16.3,0.03,0,9,0,0.01,0,,,,0,176,23,0,23.3,0,0,
2006-00324 Left Fork of White Oak Creek,4,,PTF 2,2526,32.6,0.03,1520,8.1,3272.47,,0,1262,3030,19.8,,8,0,0,0,0,254,0,0,0,2140,0,0,365,0,0,23.2,0.03,0,21.2,0.09,0,0,,,,0,262,19,0,25,0,0,
2006-00324 Left Fork of White Oak Creek,4,,PTF 3,2517,31,0.03,1560,8.01,2478.19,,4,1258,3050,20.4,,7.8,0,0,0,0,254,0,0,0,2150,0,0,367,0,0,19.6,0.03,0,21.2,0,0,0,,,,0,251,19,0,25.5,0,0,
2006-00324 Left Fork of White Oak Creek,4,,PTF 4,2067,20.1,0.02,1250,8.27,2169.25,,3,1033,2330,19.1,,8.3,0,0,0,0,170,0,0,0,1660,0,0.03,300,0,0.01,17.4,0.02,0,28.4,0,0,0,,,,0,222,19,0,8.19,0,0,
2006-00324 Left Fork of White Oak Creek,4,,PTF 5,2075,18,0.02,1200,8.28,2343.89,,2,1037,2330,20.3,,8.1,0,0,0,0,167,0,0,0,1640,0,0.09,296,0,0.01,17,0.02,0,28.4,0.01,0,0.02,,,,0,225,19,0,7.83,0,0,
2006-00324 Left Fork of White Oak Creek,4,,PTF 6,2251,27.3,0.03,1350,8.16,2217.22,,0,1125,2920,23,,8.5,0,0,0,0,182,0,0,0,1880,0,0.25,345,0,0.01,18.3,0.03,0,7,0,0.01,0,,,,0,280,17,0,9.25,0,0,
2006-00324 Left Fork of White Oak Creek,4,,PTF 7,2254,34.1,0.03,1290,7.87,486.23,,6,1127,3070,13.4,,8.4,0,0,0,0,250,0,0,0,2090,0,0.07,355,0,0.01,21.6,0.03,0,5.8,0.01,0.02,0.05,,,,0,382,19,0,11.2,0,0,
2006-00324 UT Left Fork of White Oak Creek (PTF-1),3,,PTF 1,1920,28.1,0.03,957,7.88,326.31,,0,959,1970,14,,5.2,0,0,0,0,236,0,0,,1330,0,,179,0,0.02,18,0.03,0,9.8,0,0.01,,0,0,0.48,0,168,23,0,25.2,0,0,
2006-00324 Left Fork of White Oak Creek,3,,PTF 2,2607,30.6,0.03,1470,8.19,2807.75,,0,1303,2830,18.6,,8.8,0,0,0,0,244,0,0,,1960,0,,329,0,0,24.6,0.03,0,20.5,0,0,,0,0,0,0,247,19,0,29.3,0,0,
2006-00324 Left Fork of White Oak Creek,3,,PTF 3,2646,30.2,0.03,1500,8,2977,,0,1322,2960,19,,8,0,0,0,0,233,0,0,,1840,0,,305,0,0,25.8,0.03,0,21.3,0,0,,0,0,0,0,250,19,0,29.8,0,0,
2006-00324 Left Fork of White Oak Creek,3,,PTF 4,2128,22.1,0.02,1170,8.39,3292.61,,3,1063,2330,18,,8.7,0,0,0,0,182,0,0,,1550,0,,266,0,0.01,19.1,0.02,0,27.3,0,0,,0,0,0.07,0,214,19,0,9.6,0,0,
2006-00324 Left Fork of White Oak Creek,3,,PTF 5,2128,23,0.02,1190,8.38,2558.43,,0,1064,2360,18.4,,8.6,0,0,0,0,174,0,0,,1460,0,,250,0,0.01,19.1,0.02,0,26.8,0,0,,0,0,0.13,0,226,20,0,9.6,0,0,
2006-00324 Left Fork of White Oak Creek,3,,PTF 6,2321,29.5,0.03,1310,8.38,3451.81,,0,1160,2880,19.6,,8.9,0,0,0,0,195,0,0,,1900,0,,344,0,0.01,20.9,0.03,0,7.6,0,0.01,,0.02,0,0.36,0,280,18,0,11.1,0,0,
2006-00324 Left Fork of White Oak Creek,3,,PTF 7,2502,43.4,0.04,1350,7.93,606.95,,6,1251,3180,13.1,,9,0,0,0,0,285,0,0,,2280,0,,380,0,0,23.5,0.04,0,6,0,0.01,,0.04,0,0.03,0,380,19,0,14.6,0,0,
2006-00324 UT Left Fork of White Oak Creek (PTF-1),2,,PTF 1,1686,30.1,0.03,784,7.75,170.62,,0,846,1460,13.2,,8.2,0,0,0,0,240,0,0,,1330,0,,178,0,0.02,17.2,0.03,0,9.1,0,0.01,,0,0,0.87,0,163,23,0,23.2,0,0,
2006-00324 Left Fork of White Oak Creek,2,,PTF 2,2798,47.6,0.05,1550,8.32,3807.52,,4,1399,2700,14,,8.5,0,0,0,0,329,0,0,,2510,0,,411,0,0.01,26.3,0.05,0,17.9,0,0,,0.02,0,0.03,0,268,19,0,40.5,0,0,
2006-00324 Left Fork of White Oak Creek,2,,PTF 3,2871,48.2,0.05,1590,8.19,4436.12,,5,1435,2750,14.1,,8.8,0,0,0,0,331,0,0,,2520,0,,412,0,0.01,26.5,0.05,0,17.9,0,0,,0,0,0.04,0,279,19,0,42.1,0,0.03,
2006-00324 Left Fork of White Oak Creek,2,,PTF 4,2162,29.8,0.03,1200,8.5,3192.49,,12,1081,1980,13.2,,8.6,0,0,0,0,220,0,0,,1800,0,,304,0,0.01,19.6,0.03,0,31.1,0,0,,0.03,0,0.25,0,233,21,0,11.3,0,0,
2006-00324 Left Fork of White Oak Creek,2,,PTF 5,2185,29.5,0.03,1190,8.51,1262.79,,0,1092,1970,13.3,,9.1,0,0,0,0,229,0,0,,1870,0,,316,0,0.01,20.9,0.03,0,30.7,0,0,,0.03,0,0.32,0,248,21,0,11.4,0,0,
2006-00324 Left Fork of White Oak Creek,2,,PTF 6,2363,40.6,0.04,1320,8.46,2153.84,,3,1181,2210,14.1,,,0,0,0,0,255,0,0,,2140,0,,366,0,0.02,21.8,0.04,0,8.2,0,0.01,,0.03,0.02,0.51,0,298,17,0,13.3,0,0,
2006-00324 Left Fork of White Oak Creek,2,,PTF 7,2444,52.4,0.05,1250,8.04,316.21,,9,1220,2280,12.8,,8.4,0,0,0,0,270,0,0,,2160,0,,360,0,0,23.6,0.05,0,6.2,0,0,,0.04,0,0.04,0,389,20,0,16.5,0,0,
2004-00215 Lick Fork,1,,,1290,,,,7.15,,,3,,1524,,,,,,,,,,,,,,,,,,,,,,,,0.3,0.4,0.03,0.75,0,100,,,,,,
2004-00215 Lick Fork,2,,,1590,,,,7.14,,,3,,1114,,,,,,,,,,,,,,,,,,,,,,,,0.05,0.16,0.03,0.5,0,45,,,,,,
2004-00215 Lick Fork,3,,,3000,,,,7.69,,,6,,2614,,,,,,,,,,,,,,,,,,,,,,,,0,0,0,0.03,0,54,,,,,,
2004-00215 Lick Fork,4,,,1470,,,,7.8,,,5,,1329,,,,,,,,,,,,,,,,,,,,,,,,0,0.1,0.09,0.02,0,80,,,,,,
2004-00215 Lick Fork,5,,,1720,,,,7.68,,,16,,2734,,,,,,,,,,,,,,,,,,,,,,,,0,0,0,0,0,67,,,,,,
2004-00215 Grapevine Creek lower portion,1,,,764,,,,7.2,,,2,,678,,,,,,,,,,,,,,,,,,,,,,,,0.08,0.22,0,0.21,0,88,,,,,,
2004-00215 Grapevine Creek lower portion,2,,,1030,,,,7.17,,,42,,722,,,,,,,,,,,,,,,,,,,,,,,,0.06,0.15,0.08,0.06,0,60,,,,,,
2004-00215 Grapevine Creek lower portion,3,,,1360,,,,7.7,,,3,,1314,,,,,,,,,,,,,,,,,,,,,,,,0,0,0,0,0,73,,,,,,
2004-00215 Grapevine Creek lower portion,4,,,1470,,,,7.8,,,5,,1329,,,,,,,,,,,,,,,,,,,,,,,,0,0.1,0.09,0.02,0,80,,,,,,
2004-00215 Grapevine Creek lower portion,5,,,1370,,,,7.91,,,6,,1706,,,,,,,,,,,,,,,,,,,,,,,,0,0,0,0,0,87,,,,,,
2004-00864 Upper Grapevine Creek,1,,,562,,,,7.19,,,4,,438,,,,,,,,,,,,,,,,,,,,,,,,0.19,0.2,0.06,0.19,0,74,,,,,,
2004-00864 Upper Grapevine Creek,2,,,1030,,,,7.17,,,42,,722,,,,,,,,,,,,,,,,,,,,,,,,0.06,0.15,0.08,0.06,0,60,,,,,,
2004-00864 Upper Grapevine Creek,3,,,816,,,,7.61,,,3,,688,,,,,,,,,,,,,,,,,,,,,,,,0,0,0,0,0,78,,,,,,
2004-00864 Upper Grapevine Creek,4,,,870.4,,,,7.8,,,0,,688,,,,,,,,,,,,,,,,,,,,,,,,0,0.09,0.06,0.05,0,70,,,,,,
2004-00864 Upper Grapevine Creek,5,,,910,,,,8.01,,,16,,872,,,,,,,,,,,,,,,,,,,,,,,,0,0,0,0,0,99,,,,,,
2004-00464-teh UT Montgomery Creek,4,,,967,,,,,,,,,,,,,,,,,,,,,,,,,,,,,,,,,,,,,,,,,,,,
2004-00464-teh UT Montgomery Creek,2,,,540,,,,,,,,,,,,,,,,,,,,,,,,,,,,,,,,,,,,,,,,,,,,
2004-00332 Right Fork of Daniels Creek,0,after construction,site 1,1483,,,,,,,,,,,,,,,,,,,,,,,,,,,,,,,,,,,,,,,,,,,,
2004-00332 Right Fork of Daniels Creek,0,after construction,site 2,1304,,,,,,,,,,,,,,,,,,,,,,,,,,,,,,,,,,,,,,,,,,,,
2004-00332 Right Fork of Daniels Creek,1,,site 5,1332,,,,7.39,,,,,,25,,8.7,,,,,,,,,,,,,,,,,,,,,,,,,,,,,,,,10
2004-00332 Right Fork of Daniels Creek,1,,site 4,1395,,,,7.55,,,,,,25,,7.3,,,,,,,,,,,,,,,,,,,,,,,,,,,,,,,,18
2004-00332 Right Fork of Daniels Creek,1,,site 3,1605,,,,7.33,,,,,,25,,6.2,,,,,,,,,,,,,,,,,,,,,,,,,,,,,,,,58
2004-00332 Right Fork of Daniels Creek,2,,site 5,1078,,,,8.25,,2.34,,,,33,,9.3,,,,,,,,,,,,,,,,,,,,,,,,,,,,,,,,3
2004-00332 Right Fork of Daniels Creek,2,,site 4,1122,,,,8.14,,2.01,,,,29,,7.5,,,,,,,,,,,,,,,,,,,,,,,,,,,,,,,,4
2004-00332 Right Fork of Daniels Creek,2,,site 3,1218,,,,7.97,,1.06,,,,28,,7,,,,,,,,,,,,,,,,,,,,,,,,,,,,,,,,12
2004-00332 Right Fork of Daniels Creek,3,,site 5,1269,,,,7.7,,0.65,,,,16.6,,8.55,,,,,,,,,,,,,,,,,,,,,,,,,,,,,,,,21
2004-00332 Right Fork of Daniels Creek,3,,site 4,1421,,,,8.15,,1.02,,,,23.1,,7.62,,,,,,,,,,,,,,,,,,,,,,,,,,,,,,,,13
2004-00332 Right Fork of Daniels Creek,3,,site 3,1704,,,,8.27,,1.54,,,,26.4,,7.32,,,,,,,,,,,,,,,,,,,,,,,,,,,,,,,,8
2004-00332 Right Fork of Daniels Creek,4,,site 5,848,,,,8.46,,3.45,,,,15,,7.06,,,,,,,,,,,,,,,,,,,,,,,,,,,,,,,,7
2004-00332 Right Fork of Daniels Creek,4,,site 4,970,,,,8.4,,3.25,,,,14.87,,7.06,,,,,,,,,,,,,,,,,,,,,,,,,,,,,,,,19
2004-00332 Right Fork of Daniels Creek,4,,site 3,1157,,,,7.97,,2.1,,,,13.98,,7.04,,,,,,,,,,,,,,,,,,,,,,,,,,,,,,,,19
2004-00332 Right Fork of Daniels Creek,5,,site 5,1187,,,,8.45,,2.37,,,,11.2,,8.42,,,,,,,,,,,,,,,,,,,,,,,,,,,,,,,,13
2004-00332 Right Fork of Daniels Creek,5,,site 4,1391,,,,8.21,,1.94,,,,10.82,,7.38,,,,,,,,,,,,,,,,,,,,,,,,,,,,,,,,24
2004-00332 Right Fork of Daniels Creek,5,,site 3,1672,,,,7.91,,0.88,,,,12.1,,6.93,,,,,,,,,,,,,,,,,,,,,,,,,,,,,,,,7
2005-1290 UTRPC 2,1,,,642,,,222,7.5,,,14,,632,,,,,,,,,,,,,,,,,,,,,,,,,,0.5,0.16,0,83,,,,,,
2005-1290 UTRPC 2,2,,,580,,,221,7.4,,,9,,352,,,,,,,,,,,,,,,,,,,,,,,,,,0.42,0.15,0,80,,,,,,
2005-1290 UTRPC 2,3,,,466,,,91.4,7.3,,,166,,270,,,,,,,,,,,,,,,,,,,,,,,,,,4.78,0.24,0,96,,,,,,
2005-1290 UTRPC 2,4,,,683,,,211,7.8,,,10,,474,,,,,,,,,,,,,,,,,,,,,,,,,,0.32,0.07,0,61,,,,,,
2005-1290 UTRPC 2,5,,,925,,,259,7.6,,,16,,654,,,,,,,,,,,,,,,,,,,,,,,,,,0.46,0.09,0,58,,,,,,
2005-1290 UTRPC 1 Upper,1,,,1822,,,952,7.9,,,5,,1614,,,,,,,,,,,,,,,,,,,,,,,,,,0.14,0.05,0,230,,,,,,
2005-1290 UTRPC 1 Upper,2,,,2054,,,1278,7.7,,,0,,2190,,,,,,,,,,,,,,,,,,,,,,,,,,0.12,0.02,0,245,,,,,,
2005-1290 UTRPC 1 Upper,3,,,1938,,,1072,7.7,,,20,,1584,,,,,,,,,,,,,,,,,,,,,,,,,,0.21,0.03,0,221,,,,,,
2005-1290 UTRPC 1 Upper,4,,,1954,,,1087,7.8,,,7,,1710,,,,,,,,,,,,,,,,,,,,,,,,,,0.06,0.01,0,194,,,,,,
2005-1290 UTRPC 1 Upper,5,,,2340,,,922,7.4,,,8,,2294,,,,,,,,,,,,,,,,,,,,,,,,,,0.05,0,0,310,,,,,,
2005-1290 UTRPC 1 Lower,1,,,1578,,,1034,7.1,,,0,,1908,,,,,,,,,,,,,,,,,,,,,,,,,,0.13,0.03,0,233,,,,,,
2005-1290 UTRPC 1 Lower,2,,,1906,,,942,7.8,,,13,,1724,,,,,,,,,,,,,,,,,,,,,,,,,,0.07,0,0,253,,,,,,
2005-1290 UTRPC 1 Lower,3,,,1954,,,1178,7.8,,,18,,2052,,,,,,,,,,,,,,,,,,,,,,,,,,0.6,0.03,0,235,,,,,,
2005-1290 UTRPC 1 Lower,4,,,1561,,,698,7.4,,,13,,1254,,,,,,,,,,,,,,,,,,,,,,,,,,0.14,0.01,0,185,,,,,,
2005-1290 UTRPC 1 Lower,5,,,1825,,,587,7.9,,,6,,1706,,,,,,,,,,,,,,,,,,,,,,,,,,0.08,0.01,0,207,,,,,,
2004-00332 Brushy Fork,0,after construction,,1540,,,,,,,,,,,,,,,,,,,,,,,,,,,,,,,,,,,,,,,,,,,,
2004-00332 Brushy Fork,1,,,1348,,,,7.67,,,,,,26.5,,6.9,,,,,,,,,,,,,,,,,,,,,,,,,,,,,,,,14
2004-00332 Brushy Fork,2,,,1016,,,,6.57,,1.28,,,,22,,7.2,,,,,,,,,,,,,,,,,,,,,,,,,,,,,,,,5
2004-00332 Brushy Fork,3,,,1418,,,,7.07,,0.94,,,,24.5,,7.04,,,,,,,,,,,,,,,,,,,,,,,,,,,,,,,,9
2004-00332 Brushy Fork,4,,,811,,,,7.05,,,,,,14.5,,7.08,,,,,,,,,,,,,,,,,,,,,,,,,,,,,,,,1
2004-00332 Brushy Fork,5,,,1116,,,,7.46,,7.22,,,,10.6,,6.01,,,,,,,,,,,,,,,,,,,,,,,,,,,,,,,,28
2003-00818 Long Branch offsite mitigation,3,,,160,,,,,,,,,,,,,,,,,,,,,,,,,,,,,,,,,,,,,,,,,,,,
2005-00745 Sugarcamp Branch enhancement reach,5,,,2130,,,,,,,,,,,,,,,,,,,,,,,,,,,,,,,,,,,,,,,,,,,,
2005-00745 Sugarcamp Branch restored reach A,5,,,2130,,,,,,,,,,,,,,,,,,,,,,,,,,,,,,,,,,,,,,,,,,,,
2005-00745 Sugarcamp Branch restored reach B,5,,,2130,,,,,,,,,,,,,,,,,,,,,,,,,,,,,,,,,,,,,,,,,,,,
2005-00745 Sugarcamp Branch enhancement reach,3,,,2070,,,,,,,,,,,,,,,,,,,,,,,,,,,,,,,,,,,,,,,,,,,,
2005-00745 Sugarcamp Branch restored reach A,3,,,2070,,,,,,,,,,,,,,,,,,,,,,,,,,,,,,,,,,,,,,,,,,,,
2005-00745 Sugarcamp Branch restored reach B,3,,,2070,,,,,,,,,,,,,,,,,,,,,,,,,,,,,,,,,,,,,,,,,,,,
2005-00745 Sugarcamp Branch enhancement reach,2,,,2070,,,,,,,,,,,,,,,,,,,,,,,,,,,,,,,,,,,,,,,,,,,,
2005-00745 Sugarcamp Branch restored reach A,2,,,2070,,,,,,,,,,,,,,,,,,,,,,,,,,,,,,,,,,,,,,,,,,,,
2005-00745 Sugarcamp Branch restored reach B,2,,,2070,,,,,,,,,,,,,,,,,,,,,,,,,,,,,,,,,,,,,,,,,,,,
2005-00745 Sugarcamp Branch enhancement reach,1,,,1980,,,,,,,,,,,,,,,,,,,,,,,,,,,,,,,,,,,,,,,,,,,,
2005-00745 Sugarcamp Branch restored reach A,1,,,1980,,,,,,,,,,,,,,,,,,,,,,,,,,,,,,,,,,,,,,,,,,,,
2005-00745 Sugarcamp Branch restored reach B,1,,,1980,,,,,,,,,,,,,,,,,,,,,,,,,,,,,,,,,,,,,,,,,,,,
2003-01379 1st ULT Sugartree Branch,5,,spring downstream yr 5,1220,5.9,0.01,447,8.7,,,6,,883,14.2,,10.3,,,,,,,,0.14,,,0.05,103,,,,,,,,,0,,,,0,201,,,,,,
2003-01379 1st ULT Sugartree Branch,5,,fall downstream yr 5,1087,6,0.01,431,8.29,,,0,,982,17.4,,8.6,,,,,,,,0,,,0.05,93.1,,,,,,,,,0.06,,,,0,228,,,,,,
2003-01379 1st ULT Sugartree Branch,5,,spring upstream year 5,1322,6.2,0.01,482,8.52,,,0,,980,17.8,,9,,,,,,,,0.02,,,0.24,109,,,,,,,,,0.06,,,,0,247,,,,,,
2003-01379 1st ULT Sugartree Branch,5,,fall upstream year 5,1102,7.1,0.01,432,8.22,,,0,,966,18.7,,8.4,,,,,,,,0.04,,,0.21,90.3,,,,,,,,,0,,,,0,244,,,,,,
2003-01379 1st ULT Sugartree Branch,4,,spring downstream yr 4,752,6.8,0.01,271,8.5,,,12,,609,16.9,,7.6,,,,,,,,0.04,,,0.12,54.1,,,,,,,,,0,,0.16,0.12,0,148,,,,,,
2003-01379 1st ULT Sugartree Branch,4,,fall downstream yr 4,942,2.3,0,328,8.61,,,2,,742,15.9,,8.8,,,,,,,,0,,,0.01,61.1,,,,,,,,,0,,0.13,0.02,0,150,,,,,,
2003-01379 1st ULT Sugartree Branch,4,,spring upstream year 4,889,7.3,0.01,329,8.48,,,13,,748,18.1,,7.2,,,,,,,,0.06,,,0.36,67,,,,,,,,,0.02,,0.39,0.4,0,190,,,,,,
2003-01379 1st ULT Sugartree Branch,4,,fall upstream year 4,940,2.6,0,308,8.41,,,2,,749,16.6,,7.2,,,,,,,,0,,,0.16,61.6,,,,,,,,,0,,0.4,0.19,0,154,,,,,,
2003-01379 1st ULT Sugartree Branch,3,,spring downstream yr 3,793,9.1,0.01,264,8.15,,,15,,519,20.4,,9,,,,,,,,0,,,0.27,37.1,,,,,,,,,0.03,,0.66,0.31,0,123,,,,,,
2003-01379 1st ULT Sugartree Branch,3,,fall downstream yr 3,1020,1.1,0,376,8.38,,,2,,819,14.3,,8,,,,,,,,0,,,0.01,64.7,,,,,,,,,0,,0,0.01,0,186,,,,,,
2003-01379 1st ULT Sugartree Branch,3,,spring upstream year 3,856,11.1,0.01,323,8.04,,,4,,591,20.9,,8.6,,,,,,,,0,,,0.36,48,,,,,,,,,0.02,,0.33,0.38,0,181,,,,,,
2003-01379 1st ULT Sugartree Branch,3,,fall upstream year 3,1147,,0,402,8.3,,,2,,855,14,,7.9,,,,,,,,0,,,0.07,70,,,,,,,,,0,,0.28,0.09,0,191,,,,,,
2003-01379 5th ULT Sugartree Branch,3,,5th ult spring yr 3,57,0.6,0,10,7.82,,,33,,27,18,,8,,,,,,,,0.06,,,0,2.41,,,,,,,,,0.05,,0.97,0.03,76,7,,,,,,
2003-01379 1st ULT Sugartree Branch,2,,downstream yr 2,760,4.6,0,89,8,,,4,,164,24.4,,7.7,,,,,,,,0.05,,,0.06,15.1,,,,,,,,,0,,0.33,0.06,0,133,,,,,,
2003-01379 1st ULT Sugartree Branch,2,,upstream yr 2,800,5.1,0.01,301,8.1,,,3,,591,23.9,,7.8,,,,,,,,0.04,,,0.16,48.6,,,,,,,,,0.02,,0.29,0.16,0,141,,,,,,
2003-01379 5th ULT Sugartree Branch,2,,5th yr 2,70,,0,16,5.8,,,1,,50,23.9,,7.4,,,,,,,,0,,,0,3.16,,,,,,,,,0.02,,0.13,0.01,0,46,,,,,,
2003-01379 1st ULT Sugartree Branch,1,,downstream 1,575,8,0.01,199,7.95,,,0,,388,6.58,,12.92,,,,,,,,0.02,,,0.33,36.9,,,,,,,,,0,0.07,0.26,0.33,0,84.2,,,,,,
2003-01379 1st ULT Sugartree Branch,1,,upstream 1,694,10,0.01,237,8.12,,,14,,474,10.31,,11.37,,,,,,,,0.03,,,0.52,46.2,,,,,,,,,0,0.16,0.82,0.55,0,106,,,,,,
2003-01379 5th ULT Sugartree Branch,1,,5th,58,,0,15,6.4,,,0,,57,8.51,,11.23,,,,,,,,0.02,,,0,3.9,,,,,,,,,0.02,0.09,0.11,0.01,0,5.9,,,,,,
2004-00844 Lukey Fork,5,dwnstream spring,downstream,202,2.2,0,56,7.92,,,16,,135,15.2,,10.1,,,,,,,,0.04,,,0.03,15,,,,0,,,,,0,,,,0,31,,,,,,
2004-00844 Lukey Fork,5,downstream fall,downstream,1695,14.8,0.01,935,8.01,,,0,,1760,22.2,,8.6,,,,,,,,0.04,,,0.01,186,,,,0.01,,,,,0,,,,0,245,,,,,,
2004-00844 Lukey Fork,5,mid spring,mid,210,2,0,59,7.88,,,16,,140,16.1,,9.4,,,,,,,,0.05,,,0.03,15.3,,,,0,,,,,0,,,,0,33,,,,,,
2004-00844 Lukey Fork,5,mid fall,mid,1720,16.4,0.02,965,8,,,0,,1710,22,,8.1,,,,,,,,0.05,,,0.02,193,,,,0.02,,,,,0,,,,0,260,,,,,,
2004-00844 Lukey Fork,5,up spring,upstream,216,2,0,61,7.94,,,9,,151,16.3,,9.7,,,,,,,,0.04,,,0.03,15.7,,,,0,,,,,0,,,,0,34,,,,,,
2004-00844 Lukey Fork,5,up fall,upstream,1750,18.1,0.02,968,8.01,,,0,,1750,24.8,,8.6,,,,,,,,0.03,,,0.04,194,,,,0.02,,,,,0,,,,0,259,,,,,,
2004-00844 Lukey Fork,4,dwnstream spring,downstream,2060,25,0.03,680,8.25,,,4,,1062,23.5,,9.3,,,,,,,,0,,,0.02,184,,,,0.03,,,,,0,,0.22,0.04,0,225,,,,,,
2004-00844 Lukey Fork,4,downstream fall,downstream,1390,12.4,0.01,453,8.22,,,3,,873,15.6,,8.4,,,,,,,,0.04,,,0.05,85,,,,0.01,,,,,0,,0.37,0.07,0,203,,,,,,
2004-00844 Lukey Fork,4,mid spring,mid,2220,26.8,0.03,706,8.21,,,2,,1282,23.6,,8.8,,,,,,,,0,,,0.05,161,,,,0.03,,,,,0,,0.28,0.06,0,244,,,,,,
2004-00844 Lukey Fork,4,mid fall,mid,1430,12,0.01,471,8.13,,,39,,881,15.5,,8.4,,,,,,,,0,,,0.08,86.2,,,,0.01,,,,,0,,1.82,0.13,0,204,,,,,,
2004-00844 Lukey Fork,4,up spring,upstream,2860,29.2,0.03,768,8.07,,,3,,1223,28.1,,9.8,,,,,,,,0,,,0.05,171,,,,0.03,,,,,0,,0.2,0.05,0,245,,,,,,
2004-00844 Lukey Fork,4,up fall,upstream,1410,11.7,0.01,450,8.19,,,95,,842,16.1,,9.6,,,,,,,,0,,,0.09,88.6,,,,0.01,,,,,0,,2.73,0.19,0,203,,,,,,
2004-00844 Lukey Fork,3,dwnstream spring,downstream,264,6.4,0.01,99,7.74,,,7,,186,25,,8.8,,,,,,,,0.05,,,0.05,15.1,,,,0.01,,,,,0,,0.53,0.06,0,50,,,,,,
2004-00844 Lukey Fork,3,downstream fall,downstream,1370,8,0.01,612,8.19,,,5,,1231,17.9,,7.8,,,,,,,,0.03,,,0,122,,,,0.01,,,,,0,,0.09,0.06,0,235,,,,,,
2004-00844 Lukey Fork,3,mid spring,mid,270,6.5,0.01,99,7.74,,,11,,159,24.5,,8.5,,,,,,,,0.05,,,0.07,15.7,,,,0.01,,,,,0,,1.41,0.09,0,48,,,,,,
2004-00844 Lukey Fork,3,mid fall,mid,1412,7.4,0.01,634,8.17,,,4,,1287,15.5,,7.7,,,,,,,,0,,,0.03,120,,,,0.01,,,,,0,,0.12,0.04,0,250,,,,,,
2004-00844 Lukey Fork,3,up spring,upstream,273,7.3,0.01,102,7.88,,,6,,182,24.3,,8.9,,,,,,,,0,,,0.06,16.7,,,,0.01,,,,,0,,0.96,0.08,0,51,,,,,,
2004-00844 Lukey Fork,3,up fall,upstream,1472,8.8,0.01,674,8.2,,,2,,1284,17.8,,8.2,,,,,,,,0,,,0.07,130,,,,0.01,,,,,0,,0.35,0.1,0,256,,,,,,
2004-00844 Lukey Fork,2,downstream,downstream,990,4.6,0,89,8.15,,,4,,164,13.9,,8.8,,,,,,,,0.05,,,0.06,15.1,,,,0,,,,,0,,0.33,0.06,0,74,,,,,,
2004-00844 Lukey Fork,2,mid,mid,1000,4.6,0,93,8.19,,,7,,175,14.3,,8.7,,,,,,,,0.06,,,0.06,16,,,,0,,,,,0,,2.31,0.07,0,69,,,,,,
2004-00844 Lukey Fork,2,upstream,upstream,1050,5.1,0.01,95,8.26,,,1,,183,18.9,,8.9,,,,,,,,0.08,,,0.06,15.9,,,,0.01,,,,,0,,0.36,0.06,0,55,,,,,,
2004-00844 Lukey Fork,1,downstream,downstream,144,3,0,42,7.31,,,0,,101,10.51,,11.72,,,,,,,,0.06,,,0.04,10.2,,,,0,,,,,0,0.13,0.28,0.04,0,16.9,,,,,,
2004-00844 Lukey Fork,1,mid,mid,151,2,0,44,7.29,,,0,,97,12.14,,10.22,,,,,,,,0.06,,,0.03,10.4,,,,0,,,,,0,0.11,0.25,0.04,0,17.7,,,,,,
2004-00844 Lukey Fork,1,upstream,upstream,156,3,0,45,7.39,,,7,,107,13.18,,9.76,,,,,,,,0.06,,,0.03,10.7,,,,0,,,,,0.03,0.15,0.26,0.03,0,17.6,,,,,,
2008-00068 UT to Stone Coal Creek,1,,,107,,,30.8,7.3,,,0,,0,,,,,,,,,,,,,,,,,,,,,,,,,,0.28,0.02,0,23,,,,,,
2008-00068 UT to Stone Coal Creek,2,,,100,,,28.1,7.3,,,8,,90,,,,,,,,,,,,,,,,,,,,,,,,,,0.27,0.01,0,49,,,,,,
2008-00068 UT to Stone Coal Creek,3,,,149,,,48.9,7.6,,,4,,0,,,,,,,,,,,,,,,,,,,,,,,,,,0.2,0.03,25,17,,,,,,
2005-00162 Carrow Fork,4,,CF 1,631,,,70.68,7.93,,,,,355,,,,,,,,20.99,,,,,,,10.05,,,4.05,,,94.18,,,,,,,,115.9,,,,,,
2005-00162 Carrow Fork,4,,CF 2,658,,,76.31,7.91,,,,,361,,,,,,,,21.23,,,,,,,10.44,,,4.23,,,99.33,,,,,,,,120.37,,,,,,
2005-00162 Carrow Fork,3,,CF 1,4430,0.45,0,51.34,8.02,,,6,,2317,18.6,,7.18,0,0,0,0,29.11,0.03,0,0.02,117.41,0,0.06,10.86,,0,12.05,0,0,855.9,0,0.02,0.02,0.1,0.02,0.09,0,263.41,1151.61,,0.35,0,19,
2005-00162 Carrow Fork,3,,CF 2,4640,0.92,0,46.96,7.95,,,14,,2511,18.8,,7.41,0,0,0,0,29.04,0.04,0,0.25,113.4,0,0.22,9.93,,0,12.84,0,0,914.8,0,0.02,0.02,0.02,0.01,0.22,0,344.2,1250.95,,0.28,0,46,
2005-00162 Carrow Fork,1,,CF 1,208,,0,44.79,7.8,,,1,,138,20.3,,,0,0,0,0,17.67,0,1.37,0.01,91.97,0,0.06,11.62,,0,3.44,0,0,5.77,0,0,0,0,0.07,0.01,0,43.74,2.54,,0.99,0,5.6,
2005-00162 Carrow Fork,1,,CF 2,243,,0,48.38,7.6,,,0,,155,19.7,,,0,0,0,0,23.82,0,1.32,0.06,118.78,0,0.11,14.4,,0,3.74,0,0,6.72,0,0,0.03,0.06,0.16,0.11,0,55.19,2.64,,0.99,0,3.5,
2005-01005 Pond Fork,4,,PF 1,832,,0,214.6,8.19,,,0,,499,11.3,,17.24,0,0,0,0,45.63,0,0,0.04,208.45,0,0,22.95,,0,4.66,0,0,83.25,0,0,0.01,0.03,0.09,0,0,147.57,17.22,,0.66,0,,0.6
2005-01005 Pond Fork,4,,PF 2,899,0.42,0,235.13,8.33,,,0,,515,11.5,,17.16,0,0,0,0,47.08,0,0,0.04,217.01,0,0,24.15,,0,4.64,0,0,92.09,0,0,0.01,0.02,0.1,0,0,151.24,19.33,,0.68,0,,1.6
2005-01005 Pond Fork,3,,PF 1,866,,0,240.18,7.32,,,5,,567,18.4,,,0,0,0,0,45,0,0,0.03,219.39,0,0,25.99,,0,5.19,0,0,116.4,0,0,0.03,0.05,0.08,0.04,0,149.37,24.18,,0.32,0,,5.6
2005-01005 Pond Fork,3,,PF 2,899,0.42,0,235.13,8.33,,,0,,515,11.5,,17.16,0,0,0,0,47.08,0,0,0.04,217.01,0,0,24.15,,0,4.64,0,0,92.09,0,0,0.01,0.02,0.1,0,0,151.24,19.33,,0.68,0,,1.6
2005-01005 Pond Fork2,3,,PF 10-1,817,,0,207.44,8.17,,,0,457,,11.6,,17.19,0,0,0,0,54.73,0,0,0.02,242.82,,0,25.78,,0,3.8,0,0,63.89,0,0,0.02,0.03,0.07,0,0,143.14,15.74,,0.68,0,,1.4
2005-01005 Pond Fork2,3,,PF 10-2,818,,0,214.96,8.27,,,0,475,,11.6,,17.08,0,0,0,0,55.07,0,0,0.03,244.74,,0,26.04,,0,3.85,0,0,64.11,0,0,0.03,0.03,0.08,0,0,140.37,16.27,,0.4,0,,4
2005-01005 Pond Fork2,2,,PF 10-1,813,,0,235.14,8.04,,,0,550,,20.5,,7.84,0,0,0,0,64.15,0,0,0.01,288,0,0,31.04,,0.01,4.14,0,0,75,0,0.01,0.04,0.04,0.04,0,0,134.22,23.96,,0.08,0,,4.5
2005-01005 Pond Fork2,2,,PF 10-2,824,,0,241.57,8.02,,,4,568,,20.2,,7.38,0,0,0,0,67.08,0,0,0.01,300.92,0,0,32.4,,0.01,4.48,0,0,76.76,0,0,0.04,0.08,0.05,0,0,138.04,21.58,,0.06,0,,4.8
2005-01005 Pond Fork2,1,,,788,,,,,,,,,,,,,,,,,,,,,,,,,,,,,,,,,,,,,,,,,,,,
2005-01005 Pond Fork2,1,,,796,,,,,,,,,,,,,,,,,,,,,,,,,,,,,,,,,,,,,,,,,,,,
2008-2154 KAN Mary Fork,3,,MF 10,1551,12.2,0.01,836,8.32,,,11,,1450,21.8,,7.6,,,,,,,,0,,,0.07,,,,,0.01,,,,,0,,,182,0,244,,,,,,
2008-2154 KAN Mary Fork,3,,MF 11,1633,8.5,0.01,942,8.28,,,3,,1540,21.1,,6.6,,,,,,,,0,,,0.09,,,,,0.01,,,,,0,,,219,0,227,,,,,,
2008-2154 KAN Mary Fork,2,,MF 10,1800,11.9,0.01,685,8.3,,,3,,1260,20,,7.9,,,,,,,,0.03,,,0.08,,,,,0.01,,,,,0,,,155,0,221,,,,,,
2008-2154 KAN Mary Fork,2,,MF 11,1950,11.4,0.01,759,8.2,,,0,,1380,20,,8.1,,,,,,,,0.03,,,0.11,,,,,0.01,,,,,0,,,166,0,214,,,,,,
2008-2154 KAN Mary Fork,1,,MF 10,1517,15.5,0.02,1100,8.27,,,2,,1820,14.3,,,,,,,,,,0,,,0.06,,,,,0.02,,,,,0,,,256,0,258,,,,,,
2008-2154 KAN Mary Fork,1,,MF 11,1568,12.7,0.01,1150,8.17,,,0,,1910,15.8,,,,,,,,,,0.02,,,0.1,,,,,0.01,,,,,0,,,278,0,255,,,,,,
2008-2154 KAN Mary Fork,0,2009 sampling,MF 10,1467,19.8,0.02,987,8.36,,,5,,1700,17.8,,,,,,,,,,0,,,0.12,,,,,0.02,,,,,0,,,186,0,238,,,,,,
2008-2154 KAN Mary Fork,0,2009 sampling,MF 11,1539,14.7,0.01,1110,8.26,,,5,,1900,17.2,,,,,,,,,,0,,,0.12,,,,,0.01,,,,,0,,,289,0,241,,,,,,
2007-421-KAN Spicelick Fork,4,,SL-1,135.5,,,33.88,6.79,,,,,103,,,,,,,,13.1,,,,,,,5.5,,,2.12,,,0.98,,,,,,,,21.55,,,,,,
2007-421-KAN Spicelick Fork,4,,SL-2,142.4,,,39.52,6.81,,,,,101,,,,,,,,14.21,,,,,,,5.87,,,2.14,,,0.83,,,,,,,,20.32,,,,,,
2007-421-KAN Spicelick Fork,3,,SL-1,1196,1.3,,171.11,7.86,,,1,,747,17.2,,7.46,0,0,0,0,53.82,0,0,0.02,218.56,0,0,20.44,,0,7.49,0,0,165.6,0,0.02,0.02,0.12,0.29,0.11,0,138.49,177.69,,0.8,0,,30
2007-421-KAN Spicelick Fork,3,,SL-1,1254,0.72,,184.2,7.62,,,2,,748,17.5,,7.14,0,0,0,0,61.4,0.01,0,0.01,247.54,0,0.05,22.88,,0,7.88,0,0,179.4,0,0.02,0.03,0.09,0.1,0.07,0,110.16,183.01,,0.51,0,,15
2007-421-KAN Spicelick Fork,0,,NA,5650,,,78.43,,,,,,,,,,,,,,,,,,,,,,,,,,,,,,,,,,,,,,,,,
2002-00047-1 Beech Fork Bens Creek,5,,,,,,,8.62,,,,,,15.6,,6.83,,,,,,,,,,,,,,,,,,,,,,,,,,,,,,,,
2003-00818 Long Branch offsite mitigation,4,,off-site,277,,,,7.27,,,,,,,,,,,,,,,,,,,,,,,,,,,,,,,,,,,,,,,,
2000-00413-4 Beech Fork,6,,site 1 (lower),1082,,,,8.1,,9.04,,,,15.95,,5.78,,,,,,,,,,,,,,,,,,,,,,,,,,,,,,,,26
2000-00413-4 Beech Fork,6,,site 2 (middle),976,,,,8.43,,8.49,,,,15.2,,6.11,,,,,,,,,,,,,,,,,,,,,,,,,,,,,,,,3
2000-00413-4 Beech Fork,6,,site 3 (upper),893,,,,8.36,,2.33,,,,11.91,,6.77,,,,,,,,,,,,,,,,,,,,,,,,,,,,,,,,6
2004-00332 Brushy Fork,6,,,1181,,,,7.29,,2.7427,,,,16.5,,6.77,,,,,,,,,,,,,,,,,,,,,,,,,,,,,,,,38
2000-00413-4 Honey Branch of Little Beech Fork,7,,site 1 (lower),711,,,,8.42,,1.404,,,,13.9,,6.87,,,,,,,,,,,,,,,,,,,,,,,,,,,,,,,,2
2000-00413-4 Honey Branch of Little Beech Fork,7,,site 2 (upper),790,,,,8.11,,1.2,,,,16.2,,5.14,,,,,,,,,,,,,,,,,,,,,,,,,,,,,,,,16
2003-00643 Little Beech Fork of Beech fork,6,,site 1 (lower),1510,,,,7.97,,10.241,,,,18.1,,4.49,,,,,,,,,,,,,,,,,,,,,,,,,,,,,,,,1
2003-00643 Little Beech Fork of Beech fork,6,,site 2 (upper),1805,,,,8.24,,9.823,,,,13,,5.43,,,,,,,,,,,,,,,,,,,,,,,,,,,,,,,,4
2005-00746 UT to Big Branch,4,,Site 1,225,,,,,,,,,,,,,,,,,,,,,,,,,,,,,,,,,,,,,,,,,,,,
2005-00746 UT to Big Branch,4,,Site 2,225,,,,,,,,,,,,,,,,,,,,,,,,,,,,,,,,,,,,,,,,,,,,
2005-00746 UT to Big Branch,4,,Site 3,225,,,,,,,,,,,,,,,,,,,,,,,,,,,,,,,,,,,,,,,,,,,,
2006-1320 Whetstone,5,,restoration reach,110,,,,,,,,,,,,,,,,,,,,,,,,,,,,,,,,,,,,,,,,,,,,
2006-1518 UT 1 North Fork Kentucky River,3,,restoration area site 1 UT1,550,,,,,,,,,,,,,,,,,,,,,,,,,,,,,,,,,,,,,,,,,,,,
2006-1518 UT 2 North Fork Kentucky River,3,,restoration area site 2 UT2,480,,,,,,,,,,,,,,,,,,,,,,,,,,,,,,,,,,,,,,,,,,,,
2005-00745 Sugarcamp Branch enhancement reach,6,,,1064,,,,,,,,,,,,,,,,,,,,,,,,,,,,,,,,,,,,,,,,,,,,
2005-00745 Sugarcamp Branch restored reach A,6,,,1064,,,,,,,,,,,,,,,,,,,,,,,,,,,,,,,,,,,,,,,,,,,,
2005-00745 Sugarcamp Branch restored reach B,6,,,1064,,,,,,,,,,,,,,,,,,,,,,,,,,,,,,,,,,,,,,,,,,,,
2004-00464-teh Hollow Fill 8 Side Drain reconstruction,6,No Flow,,,,,,,,,,,,,,,,,,,,,,,,,,,,,,,,,,,,,,,,,,,,,,
2004-00332 Right Fork of Daniels Creek,6,,site 1 (lower),901,,,,8.44,,4.21,,,,20.75,,5.61,,,,,,,,,,,,,,,,,,,,,,,,,,,,,,,,15
2004-00332 Right Fork of Daniels Creek,6,,site 2 (middle),1077,,,,8.5,,3.22,,,,20.73,,5.09,,,,,,,,,,,,,,,,,,,,,,,,,,,,,,,,34
2004-00332 Right Fork of Daniels Creek,6,,site 3 (upper),1406,,,,8.04,,0.45,,,,15.43,,5.71,,,,,,,,,,,,,,,,,,,,,,,,,,,,,,,,31
2000-01161 Pegs Branch,4,May,at pond 165 above wetland,210,,,,7.99,,,,,,15.9,,6.6,,,,,,,,,,,,,,,,,,,,,,,,,,,,,,,,
2000-01161 Pegs Branch,4,May,at pond 165 downstream end,208,,,,7.65,,,,,,17.5,,6.2,,,,,,,,,,,,,,,,,,,,,,,,,,,,,,,,
2000-01161 Pegs Branch,4,May,upstream of WF,455,,,,8.69,,,,,,12.8,,6.6,,,,,,,,,,,,,,,,,,,,,,,,,,,,,,,,
2000-01161 Walnut Fork,4,May,confluence,357,,,,8.85,,,,,,13.8,,6.9,,,,,,,,,,,,,,,,,,,,,,,,,,,,,,,,
2000-01161 Walnut Fork,4,May,upstream of culvert,338,,,,8.81,,,,,,14,,6.7,,,,,,,,,,,,,,,,,,,,,,,,,,,,,,,,
2000-01161 Walnut Fork,4,May,downstream of culvert,354,,,,8.56,,,,,,18.7,,6.4,,,,,,,,,,,,,,,,,,,,,,,,,,,,,,,,
2000-01161 Pegs Branch,4,November,at pond 165 above wetland,623,,,,7.15,,,,,,17.6,,5.1,,,,,,,,,,,,,,,,,,,,,,,,,,,,,,,,
2000-01161 Pegs Branch,4,November,at pond 165 downstream end,566,,,,7.09,,,,,,18.1,,5.2,,,,,,,,,,,,,,,,,,,,,,,,,,,,,,,,
2000-01161 Pegs Branch,4,November,upstream of WF,1314,,,,8.32,,,,,,15.8,,6.1,,,,,,,,,,,,,,,,,,,,,,,,,,,,,,,,
2000-01161 Walnut Fork,4,November,confluence,1098,,,,8.1,,,,,,16,,6.3,,,,,,,,,,,,,,,,,,,,,,,,,,,,,,,,
2000-01161 Walnut Fork,4,November,upstream of culvert,546,,,,7.92,,,,,,16.1,,6.2,,,,,,,,,,,,,,,,,,,,,,,,,,,,,,,,
2000-01161 Walnut Fork,4,November,downstream of culvert,815,,,,8.23,,,,,,16.1,,6.2,,,,,,,,,,,,,,,,,,,,,,,,,,,,,,,,
2003-00681 UT Dicks Creek,2,,site 1 (lower),208,,,,7.81,,,,,,10.72,,5.87,,,,,,,,,,,,,,,,,,,,,,,,,,,,,,,,6
2003-00681 UT Dicks Creek,2,,site 2 (upper),277,,,,7.79,,,,,,10.14,,5.63,,,,,,,,,,,,,,,,,,,,,,,,,,,,,,,,11
2003-00681 UT Dicks Creek,3,,site 1 (lower),271,,,,7.42,,0.35,,,,19.2,,5.29,,,,,,,,,,,,,,,,,,,,,,,,,,,,,,,,13
2003-00681 UT Dicks Creek,3,,site 2 (upper),369,,,,7.47,,0.21,,,,15.9,,6.05,,,,,,,,,,,,,,,,,,,,,,,,,,,,,,,,20
2004-00320 UT Madden Fork,1,,,2064,,,,,,,,,,14.3,,10.26,,,,,,,,,,,,,,,,,,,,,,,,,,,,,,,,
2004-00320 UT Madden Fork,2,,,3440,,,,8.1,,,,,,21.2,,9.13,,,,,,,,,,,,,,,,,,,,,,,,,,,,,,,,
2004-00320 UT Madden Fork,3,,,3220,,,,8.2,,0.91,,,,13.1,,9.95,,,,,,,,,,,,,,,,,,,,,,,,,,,,,,,,
